,entrez,SYMBOLS,ENSEMBL,GO,KEGG,MsigDB,GO,KEGG,MSIgDB,GO,KEGG,MSigDB,,repair,replic,rec
,8086,AAAS,ENSG00000094914,0,0,1,0,0,1,0,0,0,2,1,1,0
,25,ABL1,ENSG00000097007,1,0,1,0,0,0,0,0,0,2,2,0,0
,84142,ABRAXAS1,ENSG00000163322,1,0,1,0,0,0,0,0,1,3,2,0,1
,65057,ACD,ENSG00000102977,0,0,1,0,0,1,0,0,0,2,1,1,0
,43,ACHE,ENSG00000087085,0,0,0,1,0,1,0,0,0,2,0,2,0
,86,ACTL6A,ENSG00000136518,1,0,1,0,0,0,1,0,1,4,2,0,2
,10097,ACTR2,ENSG00000138071,1,0,1,0,0,0,1,0,1,4,2,0,2
,79913,ACTR5,ENSG00000101442,1,0,1,0,0,0,1,0,1,4,2,0,2
,93973,ACTR8,ENSG00000113812,1,0,1,0,0,0,1,0,1,4,2,0,2
,94,ACVRL1,ENSG00000139567,0,0,0,1,0,1,0,0,0,2,0,2,0
,100,ADA,ENSG00000196839,0,0,1,0,0,0,0,0,1,2,1,0,1
,103,ADAR,ENSG00000160710,0,0,0,1,0,1,0,0,0,2,0,2,0
,104,ADARB1,ENSG00000197381,0,0,0,1,0,1,0,0,0,2,0,2,0
,54936,ADPRS,ENSG00000116863,1,0,1,0,0,0,0,0,0,2,2,0,0
,57379,AICDA,ENSG00000111732,0,0,0,1,0,1,0,0,1,3,0,2,1
,8846,ALKBH1,ENSG00000100601,1,0,1,0,0,0,0,0,0,2,2,0,0
,121642,ALKBH2,ENSG00000189046,1,0,1,0,0,0,0,0,0,2,2,0,0
,221120,ALKBH3,ENSG00000166199,1,0,1,0,0,0,0,0,0,2,2,0,0
,54890,ALKBH5,ENSG00000091542,1,0,1,0,0,0,0,0,0,2,2,0,0
,7840,ALMS1,ENSG00000116127,0,0,0,1,0,1,0,0,0,2,0,2,0
,10189,ALYREF,ENSG00000183684,0,0,1,1,0,1,1,0,1,5,1,2,2
,126549,ANKLE1,ENSG00000160117,1,0,1,0,0,0,0,0,0,2,2,0,0
,26057,ANKRD17,ENSG00000132466,0,0,0,1,0,1,0,0,0,2,0,2,0
,309,ANXA6,ENSG00000197043,1,0,1,0,0,0,0,0,0,2,2,0,0
,55317,AP5S1,ENSG00000125843,1,0,1,0,0,0,1,0,1,4,2,0,2
,9907,AP5Z1,ENSG00000242802,1,0,1,0,0,0,1,0,1,4,2,0,2
,322,APBB1,ENSG00000166313,1,0,1,0,0,0,0,0,0,2,2,0,0
,328,APEX1,ENSG00000100823,1,1,1,0,0,0,1,0,1,5,3,0,2
,27301,APEX2,ENSG00000169188,1,1,1,0,0,0,1,0,1,5,3,0,2
,200558,APLF,ENSG00000169621,1,0,1,0,0,0,0,0,1,3,2,0,1
,200315,APOBEC3A,ENSG00000128383,0,0,0,1,0,1,0,0,0,2,0,2,0
,27350,APOBEC3C,ENSG00000244509,0,0,0,1,0,1,0,0,0,2,0,2,0
,140564,APOBEC3D,ENSG00000243811,0,0,0,1,0,1,0,0,0,2,0,2,0
,200316,APOBEC3F,ENSG00000128394,0,0,0,1,0,1,0,0,0,2,0,2,0
,60489,APOBEC3G,ENSG00000239713,0,0,0,1,0,1,0,0,0,2,0,2,0
,164668,APOBEC3H,ENSG00000100298,0,0,0,1,0,1,0,0,0,2,0,2,0
,54840,APTX,ENSG00000137074,1,0,1,0,0,0,0,0,0,2,2,0,0
,9716,AQR,ENSG00000021776,1,0,1,0,0,0,0,0,0,2,2,0,0
,51008,ASCC1,ENSG00000138303,1,0,1,0,0,0,0,0,0,2,2,0,0
,84164,ASCC2,ENSG00000100325,1,0,1,0,0,0,0,0,0,2,2,0,0
,10973,ASCC3,ENSG00000112249,1,0,1,0,0,0,0,0,0,2,2,0,0
,25842,ASF1A,ENSG00000111875,1,0,1,1,0,1,0,0,0,4,2,2,0
,55723,ASF1B,ENSG00000105011,0,0,0,1,0,1,0,0,0,2,0,2,0
,28990,ASTE1,ENSG00000034533,1,0,1,0,0,0,0,0,0,2,2,0,0
,79915,ATAD5,ENSG00000176208,0,0,0,1,0,1,0,0,1,3,0,2,1
,466,ATF1,ENSG00000123268,0,0,0,1,0,1,0,0,0,2,0,2,0
,55054,ATG16L1,ENSG00000085978,0,0,0,1,0,1,0,0,0,2,0,2,0
,89849,ATG16L2,ENSG00000168010,0,0,0,1,0,1,0,0,0,2,0,2,0
,9474,ATG5,ENSG00000057663,0,0,0,1,0,1,0,0,0,2,0,2,0
,10533,ATG7,ENSG00000197548,0,0,0,1,0,1,0,0,0,2,0,2,0
,472,ATM,ENSG00000149311,1,0,1,1,0,1,1,0,1,6,2,2,2
,91419,ATP23,ENSG00000166896,1,0,1,0,0,0,0,0,1,3,2,0,1
,545,ATR,ENSG00000175054,1,0,1,1,0,1,0,0,1,5,2,2,1
,84126,ATRIP,ENSG00000164053,1,0,1,1,0,1,0,0,1,5,2,2,1
,546,ATRX,ENSG00000085224,1,0,1,1,0,1,0,0,0,4,2,2,0
,4287,ATXN3,ENSG00000066427,1,0,1,0,0,0,0,0,0,2,2,0,0
,79000,AUNIP,ENSG00000127423,1,0,1,0,0,0,1,0,1,4,2,0,2
,8313,AXIN2,ENSG00000168646,1,0,1,0,0,0,0,0,0,2,2,0,0
,567,B2M,ENSG00000166710,0,0,0,0,0,1,0,0,1,2,0,1,1
,29086,BABAM1,ENSG00000105393,1,0,1,0,0,0,0,0,1,3,2,0,1
,9577,BABAM2,ENSG00000158019,1,0,1,0,0,0,0,0,1,3,2,0,1
,571,BACH1,ENSG00000156273,1,0,1,0,0,0,0,0,0,2,2,0,0
,8815,BANF1,ENSG00000175334,0,0,0,1,0,1,0,0,0,2,0,2,0
,580,BARD1,ENSG00000138376,1,0,1,1,0,1,0,0,1,5,2,2,1
,11177,BAZ1A,ENSG00000198604,0,0,0,1,0,1,0,0,0,2,0,2,0
,9031,BAZ1B,ENSG00000009954,0,0,1,1,0,1,0,0,0,3,1,2,0
,10286,BCAS2,ENSG00000116752,0,0,0,1,0,1,0,0,0,2,0,2,0
,56647,BCCIP,ENSG00000107949,1,0,1,0,0,0,0,0,0,2,2,0,0
,64919,BCL11B,ENSG00000127152,0,0,0,0,0,0,1,0,1,2,0,0,2
,596,BCL2,ENSG00000171791,0,0,0,1,0,1,0,0,0,2,0,2,0
,604,BCL6,ENSG00000113916,0,0,0,1,0,1,0,0,1,3,0,2,1
,641,BLM,ENSG00000197299,1,0,1,1,0,1,1,1,1,7,2,2,3
,259282,BOD1L1,ENSG00000038219,1,0,1,1,0,1,0,0,0,4,2,2,0
,672,BRCA1,ENSG00000012048,1,0,1,1,0,1,1,0,1,6,2,2,2
,675,BRCA2,ENSG00000139618,1,0,1,1,0,1,1,1,1,7,2,2,3
,79184,BRCC3,ENSG00000185515,1,0,1,0,0,0,0,0,1,3,2,0,1
,83990,BRIP1,ENSG00000136492,1,0,1,1,0,1,1,0,1,6,2,2,2
,684,BST2,ENSG00000130303,0,0,0,1,0,1,0,0,0,2,0,2,0
,388419,BTBD17,ENSG00000204347,0,0,0,1,0,1,0,0,0,2,0,2,0
,7832,BTG2,ENSG00000159388,1,0,1,0,0,0,0,0,0,2,2,0,0
,118611,C10orf90,ENSG00000154493,0,0,0,1,0,1,0,0,0,2,0,2,0
,79703,C11orf80,ENSG00000173715,0,0,0,0,0,0,1,0,1,2,0,0,2
,317761,C14orf39,ENSG00000179008,0,0,1,0,0,0,1,0,1,3,1,0,2
,23523,CABIN1,ENSG00000281670,0,0,0,1,0,1,0,0,0,2,0,2,0
,27101,CACYBP,ENSG00000116161,0,0,0,1,0,1,0,0,0,2,0,2,0
,859,CAV3,ENSG00000182533,1,0,1,0,0,0,0,0,0,2,2,0,0
,57332,CBX8,ENSG00000141570,1,0,1,0,0,0,0,0,0,2,2,0,0
,152185,CCDC52,ENSG00000163611,0,0,0,1,0,1,0,0,0,2,0,2,0
,55704,CCDC88A,ENSG00000115355,0,0,0,1,0,1,0,0,0,2,0,2,0
,6347,CCL2,ENSG00000108691,0,0,0,1,0,1,0,0,0,2,0,2,0
,6352,CCL5,ENSG00000271503,0,0,0,1,0,1,0,0,0,2,0,2,0
,6355,CCL8,ENSG00000108700,0,0,0,1,0,1,0,0,0,2,0,2,0
,8900,CCNA1,ENSG00000133101,0,0,1,0,0,1,0,0,0,2,1,1,0
,890,CCNA2,ENSG00000145386,0,0,1,1,0,1,0,0,0,3,1,2,0
,57820,CCNB1IP1,ENSG00000100814,0,0,0,0,0,0,1,0,1,2,0,0,2
,898,CCNE1,ENSG00000105173,0,0,0,1,0,1,0,0,0,2,0,2,0
,9134,CCNE2,ENSG00000175305,0,0,0,1,0,1,0,0,0,2,0,2,0
,902,CCNH,ENSG00000134480,1,1,1,0,0,0,0,0,0,3,3,0,0
,8812,CCNK,ENSG00000090061,0,0,1,1,0,1,0,0,0,3,1,2,0
,30835,CD209,ENSG00000090659,0,0,0,1,0,1,0,0,0,2,0,2,0
,940,CD28,ENSG00000178562,0,0,0,1,0,1,0,0,1,3,0,2,1
,920,CD4,ENSG00000010610,0,0,0,0,0,1,0,0,1,2,0,1,1
,146059,CDAN1,ENSG00000140326,0,0,0,1,0,1,0,0,0,2,0,2,0
,8555,CDC14B,ENSG00000081377,1,0,1,0,0,0,0,0,0,2,2,0,0
,997,CDC34,ENSG00000099804,0,0,0,1,0,1,0,0,0,2,0,2,0
,998,CDC42,ENSG00000070831,0,0,0,1,0,1,0,0,0,2,0,2,0
,8318,CDC45,ENSG00000093009,1,0,1,1,0,1,0,0,1,5,2,2,1
,988,CDC5L,ENSG00000096401,1,0,1,1,0,1,0,0,0,4,2,2,0
,990,CDC6,ENSG00000094804,0,0,0,1,0,1,0,0,0,2,0,2,0
,8317,CDC7,ENSG00000097046,1,0,1,1,0,1,0,0,1,5,2,2,1
,113130,CDCA5,ENSG00000146670,1,0,1,0,0,0,0,0,0,2,2,0,0
,983,CDK1,ENSG00000170312,1,0,1,1,0,1,0,0,0,4,2,2,0
,1017,CDK2,ENSG00000123374,1,0,1,1,0,1,0,0,1,5,2,2,1
,8099,CDK2AP1,ENSG00000111328,0,0,0,1,0,1,0,0,0,2,0,2,0
,55755,CDK5RAP2,ENSG00000136861,0,0,0,1,0,1,0,0,0,2,0,2,0
,1022,CDK7,ENSG00000277273,1,1,1,0,0,0,0,0,0,3,3,0,0
,1025,CDK9,ENSG00000136807,1,0,1,1,0,1,0,0,0,4,2,2,0
,1032,CDKN2D,ENSG00000129355,1,0,1,0,0,0,0,0,0,2,2,0,0
,81620,CDT1,ENSG00000167513,0,0,0,1,0,1,0,0,0,2,0,2,0
,1054,CEBPG,ENSG00000153879,1,0,1,0,0,0,0,0,0,2,2,0,0
,55835,CENPJ,ENSG00000151849,0,0,0,1,0,1,0,0,0,2,0,2,0
,378708,CENPS,ENSG00000175279,1,0,1,1,0,1,1,0,1,6,2,2,2
,201254,CENPX,ENSG00000169689,1,0,1,1,0,1,1,0,1,6,2,2,2
,22897,CEP164,ENSG00000110274,1,0,1,0,0,0,0,0,0,2,2,0,0
,85459,CEP295,ENSG00000166004,0,0,0,1,0,1,0,0,0,2,0,2,0
,100653515,CEP295NL,ENSG00000178404,0,0,0,1,0,1,0,0,0,2,0,2,0
,79959,CEP76,ENSG00000101624,0,0,0,1,0,1,0,0,0,2,0,2,0
,1068,CETN1,ENSG00000177143,1,0,1,1,0,0,0,0,0,3,2,1,0
,1069,CETN2,ENSG00000147400,1,1,1,1,0,0,0,0,0,4,3,1,0
,115004,CGAS,ENSG00000164430,1,0,1,0,0,0,1,0,1,4,2,0,2
,10036,CHAF1A,ENSG00000167670,1,0,1,1,0,1,0,0,0,4,2,2,0
,8208,CHAF1B,ENSG00000159259,1,0,1,1,0,1,0,0,0,4,2,2,0
,9557,CHD1L,ENSG00000131778,1,0,1,0,0,0,0,0,0,2,2,0,0
,1111,CHEK1,ENSG00000149554,1,0,1,1,0,1,1,0,1,6,2,2,2
,11200,CHEK2,ENSG00000183765,1,0,1,0,0,1,0,0,0,3,2,1,0
,1137,CHRNA4,ENSG00000101204,1,0,1,0,0,0,0,0,0,2,2,0,0
,63922,CHTF18,ENSG00000127586,0,0,0,1,0,1,0,0,0,2,0,2,0
,10519,CIB1,ENSG00000185043,1,0,1,0,0,0,0,0,0,2,2,0,0
,51550,CINP,ENSG00000100865,1,0,1,1,0,1,0,0,0,4,2,2,0
,10332,CLEC4M,ENSG00000104938,0,0,0,1,0,1,0,0,0,2,0,2,0
,63967,CLSPN,ENSG00000092853,1,0,1,1,0,1,0,0,0,4,2,2,0
,29883,CNOT7,ENSG00000198791,0,0,0,1,0,1,0,0,0,2,0,2,0
,124817,CNTD1,ENSG00000176563,0,0,0,0,0,0,1,0,1,2,0,0,2
,9318,COPS2,ENSG00000166200,1,0,1,0,0,0,0,0,0,2,2,0,0
,8533,COPS3,ENSG00000141030,1,0,1,0,0,0,0,0,0,2,2,0,0
,51138,COPS4,ENSG00000138663,1,0,1,0,0,0,0,0,0,2,2,0,0
,10987,COPS5,ENSG00000121022,1,0,1,0,0,0,0,0,0,2,2,0,0
,10980,COPS6,ENSG00000168090,1,0,1,0,0,0,0,0,0,2,2,0,0
,50813,COPS7A,ENSG00000111652,1,0,1,0,0,0,0,0,0,2,2,0,0
,64708,COPS7B,ENSG00000144524,1,0,1,0,0,0,0,0,0,2,2,0,0
,10920,COPS8,ENSG00000198612,1,0,1,0,0,0,0,0,0,2,2,0,0
,1454,CSNK1E,ENSG00000213923,1,0,1,0,0,0,0,0,0,2,2,0,0
,1487,CTBP1,ENSG00000159692,0,0,0,1,0,1,0,0,0,2,0,2,0
,1488,CTBP2,ENSG00000175029,0,0,0,1,0,1,0,0,0,2,0,2,0
,112441434,CTC-534A2.2,ENSG00000253251,1,0,1,0,0,0,1,0,1,4,2,0,2
,80169,CTC1,ENSG00000178971,0,0,0,1,0,1,0,0,0,2,0,2,0
,8451,CUL4A,ENSG00000139842,1,1,1,0,0,1,0,0,0,4,3,1,0
,8450,CUL4B,ENSG00000158290,1,1,1,0,0,1,0,0,0,4,3,1,0
,3576,CXCL8,ENSG00000169429,0,0,0,1,0,1,0,0,0,2,0,2,0
,10663,CXCR6,ENSG00000172215,0,0,0,1,0,1,0,0,0,2,0,2,0
,78996,CYREN,ENSG00000122783,1,0,1,0,0,0,0,0,1,3,2,0,1
,1602,DACH1,ENSG00000276644,0,0,0,1,0,1,0,0,0,2,0,2,0
,10926,DBF4,ENSG00000006634,0,0,0,1,0,1,0,0,0,2,0,2,0
,80174,DBF4B,ENSG00000161692,0,0,0,1,0,1,0,0,0,2,0,2,0
,9730,DCAF1,ENSG00000145041,0,0,0,0,0,0,1,0,1,2,0,0,2
,9937,DCLRE1A,ENSG00000198924,1,0,1,0,0,0,0,0,1,3,2,0,1
,64858,DCLRE1B,ENSG00000118655,1,0,1,0,0,0,0,0,1,3,2,0,1
,64421,DCLRE1C,ENSG00000152457,1,0,1,0,0,0,1,0,1,4,2,0,2
,1642,DDB1,ENSG00000167986,1,1,1,1,0,1,0,0,0,5,3,2,0
,1643,DDB2,ENSG00000134574,1,1,1,0,0,0,0,0,0,3,3,0,0
,1653,DDX1,ENSG00000079785,1,0,1,0,0,0,0,0,0,2,2,0,0
,1663,DDX11,ENSG00000013573,1,0,1,1,0,1,0,0,0,4,2,2,0
,1654,DDX3X,ENSG00000215301,0,0,0,1,0,1,0,0,0,2,0,2,0
,1655,DDX5,ENSG00000108654,0,0,0,1,0,1,0,0,0,2,0,2,0
,7913,DEK,ENSG00000124795,1,0,1,1,0,1,0,0,1,5,2,2,1
,1660,DHX9,ENSG00000135829,1,0,1,1,0,1,0,0,0,4,2,2,0
,55929,DMAP1,ENSG00000178028,1,0,1,1,0,1,0,0,0,4,2,2,0
,11144,DMC1,ENSG00000100206,0,0,1,0,0,0,1,0,1,3,1,0,2
,1763,DNA2,ENSG00000138346,1,0,1,1,1,1,0,0,1,6,2,3,1
,9093,DNAJA3,ENSG00000103423,0,0,0,1,0,1,0,0,0,2,0,2,0
,27000,DNAJC2,ENSG00000105821,0,0,0,1,0,1,0,0,0,2,0,2,0
,1786,DNMT1,ENSG00000130816,0,0,0,1,0,1,0,0,0,2,0,2,0
,1791,DNTT,ENSG00000107447,1,0,1,0,0,1,0,0,1,4,2,1,1
,29980,DONSON,ENSG00000159147,0,0,0,1,0,1,0,0,0,2,0,2,0
,79075,DSCC1,ENSG00000136982,0,0,0,1,0,1,0,0,0,2,0,2,0
,92675,DTD1,ENSG00000125821,0,0,0,1,0,1,0,0,0,2,0,2,0
,51514,DTL,ENSG00000143476,0,0,1,1,0,1,0,0,0,3,1,2,0
,151636,DTX3L,ENSG00000163840,1,0,1,0,0,0,0,0,1,3,2,0,1
,1854,DUT,ENSG00000128951,0,0,1,1,0,1,0,0,0,3,1,2,0
,8291,DYSF,ENSG00000135636,1,0,1,0,0,0,0,0,0,2,2,0,0
,1877,E4F1,ENSG00000167967,0,0,0,1,0,1,0,0,0,2,0,2,0
,8411,EEA1,ENSG00000102189,0,0,0,1,0,1,0,0,0,2,0,2,0
,80820,EEPD1,ENSG00000122547,1,0,1,0,0,0,0,0,0,2,2,0,0
,1956,EGFR,ENSG00000146648,1,0,1,1,0,1,0,0,0,4,2,2,0
,10919,EHMT2,ENSG00000236759,0,0,0,1,0,1,0,0,0,2,0,2,0
,493861,EID3,ENSG00000255150,1,0,1,0,0,0,1,0,1,4,2,0,2
,5610,EIF2AK2,ENSG00000055332,0,0,0,1,0,1,0,0,0,2,0,2,0
,440275,EIF2AK4,ENSG00000128829,0,0,0,1,0,1,0,0,0,2,0,2,0
,146956,EME1,ENSG00000154920,1,0,1,1,0,1,1,1,1,7,2,2,3
,197342,EME2,ENSG00000197774,1,0,1,1,0,1,1,0,1,6,2,2,2
,56946,EMSY,ENSG00000158636,1,0,1,0,0,0,0,0,0,2,2,0,0
,2021,ENDOG,ENSG00000167136,0,0,0,0,0,0,1,0,1,2,0,0,2
,284131,ENDOV,ENSG00000173818,1,0,1,0,0,0,0,0,0,2,2,0,0
,339221,ENPP7,ENSG00000182156,0,0,0,1,0,1,0,0,0,2,0,2,0
,2033,EP300,ENSG00000100393,1,0,1,0,0,0,0,0,0,2,2,0,0
,26122,EPC2,ENSG00000135999,1,0,1,0,0,0,0,0,0,2,2,0,0
,2067,ERCC1,ENSG00000012061,1,1,1,0,0,0,1,0,1,5,3,0,2
,2068,ERCC2,ENSG00000104884,1,1,1,0,0,0,1,0,1,5,3,0,2
,2071,ERCC3,ENSG00000163161,1,1,1,0,0,0,0,0,0,3,3,0,0
,2072,ERCC4,ENSG00000175595,1,1,1,0,0,0,1,0,1,5,3,0,2
,2073,ERCC5,ENSG00000134899,1,1,1,1,0,1,0,0,0,5,3,2,0
,2074,ERCC6,ENSG00000225830,1,1,1,0,0,0,0,0,0,3,3,0,0
,375748,ERCC6L2,ENSG00000182150,1,0,1,0,0,0,0,0,0,2,2,0,0
,1161,ERCC8,ENSG00000049167,1,1,1,0,0,0,0,0,0,3,3,0,0
,2069,EREG,ENSG00000124882,0,0,0,1,0,1,0,0,0,2,0,2,0
,114799,ESCO1,ENSG00000141446,0,0,0,1,0,1,0,0,0,2,0,2,0
,157570,ESCO2,ENSG00000171320,1,0,1,1,0,1,0,0,0,4,2,2,0
,54465,ETAA1,ENSG00000143971,1,0,1,1,0,1,0,0,0,4,2,2,0
,55218,EXD2,ENSG00000081177,1,0,1,0,0,0,1,0,1,4,2,0,2
,9156,EXO1,ENSG00000174371,1,1,1,1,0,1,1,0,1,7,3,2,2
,64789,EXO5,ENSG00000164002,1,0,1,0,0,0,0,0,0,2,2,0,0
,2138,EYA1,ENSG00000104313,1,0,1,0,0,0,0,0,0,2,2,0,0
,2139,EYA2,ENSG00000064655,1,0,1,0,0,0,0,0,0,2,2,0,0
,2140,EYA3,ENSG00000158161,1,0,1,0,0,0,0,0,0,2,2,0,0
,2070,EYA4,ENSG00000112319,1,0,1,0,0,0,0,0,0,2,2,0,0
,80233,FAAP100,ENSG00000185504,1,0,1,0,0,0,0,0,0,2,2,0,0
,199990,FAAP20,ENSG00000162585,1,0,1,0,0,1,0,0,0,3,2,1,0
,91442,FAAP24,ENSG00000131944,1,0,1,0,0,0,0,0,0,2,2,0,0
,11124,FAF1,ENSG00000185104,0,0,0,1,0,1,0,0,0,2,0,2,0
,63901,FAM111A,ENSG00000166801,0,0,0,1,0,1,0,0,0,2,0,2,0
,23201,FAM168A,ENSG00000054965,1,0,1,0,0,0,0,0,0,2,2,0,0
,22909,FAN1,ENSG00000198690,1,0,1,0,0,0,1,0,1,4,2,0,2
,2175,FANCA,ENSG00000187741,1,0,1,0,0,0,0,0,0,2,2,0,0
,2187,FANCB,ENSG00000181544,1,0,1,1,0,0,1,0,1,5,2,1,2
,2176,FANCC,ENSG00000158169,1,0,1,0,0,0,0,0,0,2,2,0,0
,2177,FANCD2,ENSG00000144554,1,0,1,0,0,0,0,0,0,2,2,0,0
,2178,FANCE,ENSG00000112039,1,0,1,0,0,0,0,0,0,2,2,0,0
,2188,FANCF,ENSG00000183161,1,0,1,0,0,0,0,0,0,2,2,0,0
,2189,FANCG,ENSG00000221829,1,0,1,0,0,0,0,0,0,2,2,0,0
,55215,FANCI,ENSG00000140525,1,0,1,0,0,0,0,0,0,2,2,0,0
,55120,FANCL,ENSG00000115392,1,0,1,0,0,0,0,0,0,2,2,0,0
,57697,FANCM,ENSG00000187790,1,0,1,1,0,1,1,0,1,6,2,2,2
,84893,FBH1,ENSG00000134452,1,0,1,1,0,1,1,0,1,6,2,2,2
,25827,FBXL2,ENSG00000153558,0,0,0,1,0,1,0,0,0,2,0,2,0
,26271,FBXO5,ENSG00000112029,0,0,0,1,0,1,0,0,0,2,0,2,0
,26270,FBXO6,ENSG00000116663,1,0,1,0,0,0,0,0,0,2,2,0,0
,2237,FEN1,ENSG00000168496,1,1,1,1,1,1,1,0,1,8,3,3,2
,2255,FGF10,ENSG00000070193,1,0,1,1,0,1,0,0,0,4,2,2,0
,2260,FGFR1,ENSG00000077782,0,0,0,1,0,1,0,0,0,2,0,2,0
,55137,FIGN,ENSG00000182263,1,0,1,0,0,0,1,0,1,4,2,0,2
,63979,FIGNL1,ENSG00000132436,1,0,1,0,0,0,1,0,1,4,2,0,2
,401720,FIGNL2,ENSG00000261308,1,0,1,0,0,0,1,0,1,4,2,0,2
,8468,FKBP6,ENSG00000077800,0,0,0,1,0,1,0,0,0,2,0,2,0
,56776,FMN2,ENSG00000155816,1,0,1,0,0,0,0,0,0,2,2,0,0
,2332,FMR1,ENSG00000102081,0,0,0,1,0,1,0,0,0,2,0,2,0
,2305,FOXM1,ENSG00000111206,1,0,1,0,0,0,0,0,0,2,2,0,0
,79068,FTO,ENSG00000140718,1,0,1,0,0,0,0,0,0,2,2,0,0
,2521,FUS,ENSG00000089280,1,0,1,0,0,0,1,0,1,4,2,0,2
,51343,FZR1,ENSG00000105325,1,0,1,0,0,1,0,0,0,3,2,1,0
,1647,GADD45A,ENSG00000116717,1,0,1,0,0,0,0,0,0,2,2,0,0
,2621,GAS6,ENSG00000183087,0,0,0,1,0,1,0,0,0,2,0,2,0
,2658,GDF2,ENSG00000263761,0,0,0,1,0,1,0,0,0,2,0,2,0
,348654,GEN1,ENSG00000178295,1,0,1,1,0,1,1,0,1,6,2,2,2
,199720,GGN,ENSG00000179168,1,0,1,0,0,0,0,0,0,2,2,0,0
,9837,GINS1,ENSG00000101003,0,0,0,1,0,1,0,0,0,2,0,2,0
,51659,GINS2,ENSG00000131153,1,0,1,1,0,1,0,0,1,5,2,2,1
,64785,GINS3,ENSG00000181938,0,0,0,1,0,1,0,0,0,2,0,2,0
,84296,GINS4,ENSG00000147536,1,0,1,1,0,1,0,0,1,5,2,2,1
,2735,GLI1,ENSG00000111087,0,0,0,1,0,1,0,0,0,2,0,2,0
,2736,GLI2,ENSG00000074047,0,0,0,1,0,1,0,0,0,2,0,2,0
,647309,GMNC,ENSG00000205835,0,0,0,1,0,1,0,0,0,2,0,2,0
,51053,GMNN,ENSG00000112312,0,0,0,1,0,1,0,0,0,2,0,2,0
,2873,GPS1,ENSG00000169727,1,0,1,0,0,0,0,0,0,2,2,0,0
,156,GRK2,ENSG00000173020,0,0,0,1,0,1,0,0,0,2,0,2,0
,83743,GRWD1,ENSG00000105447,0,0,0,1,0,1,0,0,0,2,0,2,0
,2965,GTF2H1,ENSG00000110768,1,1,1,0,0,0,0,0,0,3,3,0,0
,2966,GTF2H2,ENSG00000145736,1,1,1,0,0,0,0,0,0,3,3,0,0
,728340,GTF2H2C,ENSG00000145736,1,0,1,0,0,0,0,0,0,2,2,0,0
,730394,GTF2H2C_2,ENSG00000274675,1,0,1,0,0,0,0,0,0,2,2,0,0
,2967,GTF2H3,ENSG00000111358,1,1,1,0,0,0,0,0,0,3,3,0,0
,2968,GTF2H4,ENSG00000213780,1,1,1,0,0,0,0,0,0,3,3,0,0
,404672,GTF2H5,ENSG00000272047,1,1,1,0,0,0,0,0,0,3,3,0,0
,23560,GTPBP4,ENSG00000107937,0,0,0,1,0,1,0,0,0,2,0,2,0
,3005,H1-0,ENSG00000189060,0,0,0,0,0,0,1,0,1,2,0,0,2
,3024,H1-1,ENSG00000124610,0,0,0,0,0,0,1,0,1,2,0,0,2
,8971,H1-10,ENSG00000184897,0,0,0,0,0,0,1,0,1,2,0,0,2
,3006,H1-2,ENSG00000187837,0,0,0,0,0,0,1,0,1,2,0,0,2
,3007,H1-3,ENSG00000124575,0,0,0,0,0,0,1,0,1,2,0,0,2
,3008,H1-4,ENSG00000168298,0,0,0,0,0,0,1,0,1,2,0,0,2
,3009,H1-5,ENSG00000184357,0,0,0,0,0,0,1,0,1,2,0,0,2
,3010,H1-6,ENSG00000187475,0,0,0,0,0,0,1,0,1,2,0,0,2
,341567,H1-7,ENSG00000187166,0,0,0,0,0,0,1,0,1,2,0,0,2
,132243,H1-8,ENSG00000178804,0,0,0,0,0,0,1,0,1,2,0,0,2
,373861,H1-9,NA,0,0,0,0,0,0,1,0,1,2,0,0,2
,474382,H2AB1,ENSG00000274183,0,0,1,0,0,0,0,0,1,2,1,0,1
,8331,H2AC14,ENSG00000276368,0,0,1,0,0,0,0,0,1,2,1,0,1
,8337,H2AC18,ENSG00000203812,0,0,1,0,0,0,0,0,1,2,1,0,1
,723790,H2AC19,ENSG00000272196,0,0,1,0,0,0,0,0,1,2,1,0,1
,8338,H2AC20,ENSG00000184260,0,0,1,0,0,0,0,0,1,2,1,0,1
,8335,H2AC4,ENSG00000278463,0,0,1,0,0,0,0,0,1,2,1,0,1
,8334,H2AC6,ENSG00000180573,0,0,1,0,0,0,0,0,1,2,1,0,1
,3013,H2AC7,ENSG00000196866,0,0,1,0,0,0,0,0,1,2,1,0,1
,3012,H2AC8,ENSG00000277075,0,0,1,0,0,0,0,0,1,2,1,0,1
,55766,H2AJ,ENSG00000246705,0,0,1,0,0,0,0,0,1,2,1,0,1
,92815,H2AW,ENSG00000181218,1,0,1,0,0,0,0,0,0,2,2,0,0
,3014,H2AX,ENSG00000188486,1,0,1,1,0,1,1,0,1,6,2,2,2
,3015,H2AZ1,ENSG00000164032,0,0,1,0,0,0,0,0,1,2,1,0,1
,94239,H2AZ2,ENSG00000105968,0,0,1,0,0,0,0,0,1,2,1,0,1
,255626,H2BC1,ENSG00000146047,0,0,1,0,0,0,0,0,1,2,1,0,1
,8346,H2BC10,ENSG00000278588,0,0,1,0,0,0,0,0,1,2,1,0,1
,8970,H2BC11,ENSG00000124635,0,0,1,0,0,0,0,0,1,2,1,0,1
,85236,H2BC12,ENSG00000197903,0,0,1,0,0,0,0,0,1,2,1,0,1
,8340,H2BC13,ENSG00000185130,0,0,1,0,0,0,0,0,1,2,1,0,1
,8342,H2BC14,ENSG00000273703,0,0,1,0,0,0,0,0,1,2,1,0,1
,8341,H2BC15,ENSG00000233822,0,0,1,0,0,0,0,0,1,2,1,0,1
,8348,H2BC17,ENSG00000274641,0,0,1,0,0,0,0,0,1,2,1,0,1
,8349,H2BC21,ENSG00000184678,0,0,1,0,0,0,0,0,1,2,1,0,1
,3018,H2BC3,ENSG00000276410,0,0,1,0,0,0,0,0,1,2,1,0,1
,8347,H2BC4,ENSG00000180596,0,0,1,0,0,0,0,0,1,2,1,0,1
,3017,H2BC5,ENSG00000158373,0,0,1,0,0,0,0,0,1,2,1,0,1
,8344,H2BC6,ENSG00000274290,0,0,1,0,0,0,0,0,1,2,1,0,1
,8343,H2BC7,ENSG00000277224,0,0,1,0,0,0,0,0,1,2,1,0,1
,8339,H2BC8,ENSG00000273802,0,0,1,0,0,0,0,0,1,2,1,0,1
,8345,H2BC9,ENSG00000275713,0,0,1,0,0,0,0,0,1,2,1,0,1
,54145,H2BS1,ENSG00000234289,0,0,1,0,0,0,0,0,1,2,1,0,1
,128312,H2BU1,ENSG00000196890,0,0,1,0,0,0,0,0,1,2,1,0,1
,3020,H3-3A,ENSG00000163041,0,0,0,1,0,1,0,0,1,3,0,2,1
,3021,H3-3B,ENSG00000132475,0,0,0,1,0,1,0,0,1,3,0,2,1
,8290,H3-4,ENSG00000168148,1,0,1,0,0,0,0,0,1,3,2,0,1
,8350,H3C1,ENSG00000275714,0,0,0,1,0,1,0,0,1,3,0,2,1
,8357,H3C10,ENSG00000278828,0,0,0,1,0,1,0,0,1,3,0,2,1
,8354,H3C11,ENSG00000275379,0,0,0,1,0,1,0,0,1,3,0,2,1
,8356,H3C12,ENSG00000197153,0,0,0,1,0,1,0,0,1,3,0,2,1
,8358,H3C2,ENSG00000286522,0,0,0,1,0,1,0,0,0,2,0,2,0
,8352,H3C3,ENSG00000287080,0,0,0,1,0,1,0,0,0,2,0,2,0
,8351,H3C4,ENSG00000197409,0,0,0,1,0,1,0,0,1,3,0,2,1
,8353,H3C6,ENSG00000274750,0,0,0,1,0,1,0,0,1,3,0,2,1
,8968,H3C7,ENSG00000277775,0,0,0,1,0,1,0,0,1,3,0,2,1
,8355,H3C8,ENSG00000273983,0,0,0,1,0,1,0,0,1,3,0,2,1
,121504,H4-16,ENSG00000197837,1,0,1,1,0,1,0,0,1,5,2,2,1
,8359,H4C1,ENSG00000278637,1,0,1,1,0,1,0,0,1,5,2,2,1
,8363,H4C11,ENSG00000197238,1,0,1,1,0,1,0,0,1,5,2,2,1
,8362,H4C12,ENSG00000273542,1,0,1,1,0,1,0,0,1,5,2,2,1
,8368,H4C13,ENSG00000275126,1,0,1,1,0,1,0,0,1,5,2,2,1
,8370,H4C14,ENSG00000270882,1,0,1,1,0,1,0,0,1,5,2,2,1
,554313,H4C15,ENSG00000270276,1,0,1,1,0,1,0,0,1,5,2,2,1
,8366,H4C2,ENSG00000278705,1,0,1,1,0,1,0,0,1,5,2,2,1
,8364,H4C3,ENSG00000197061,1,0,1,1,0,1,0,0,1,5,2,2,1
,8360,H4C4,ENSG00000277157,1,0,1,1,0,1,0,0,1,5,2,2,1
,8367,H4C5,ENSG00000276966,1,0,1,1,0,1,0,0,1,5,2,2,1
,8361,H4C6,ENSG00000274618,1,0,1,1,0,1,0,0,1,5,2,2,1
,8365,H4C8,ENSG00000158406,1,0,1,1,0,1,0,0,1,5,2,2,1
,8294,H4C9,ENSG00000276180,1,0,1,1,0,1,0,0,1,5,2,2,1
,51495,HACD3,ENSG00000074696,0,0,0,1,0,1,0,0,0,2,0,2,0
,8520,HAT1,ENSG00000128708,0,0,0,1,0,1,0,0,0,2,0,2,0
,3060,HCRT,ENSG00000161610,0,0,0,1,0,1,0,0,0,2,0,2,0
,83933,HDAC10,ENSG00000100429,1,0,1,0,0,0,1,0,1,4,2,0,2
,92797,HELB,ENSG00000127311,1,0,1,1,0,1,1,0,1,6,2,2,2
,113510,HELQ,ENSG00000163312,1,0,1,0,0,0,1,0,1,4,2,0,2
,8924,HERC2,ENSG00000128731,1,0,1,0,0,0,0,0,1,3,2,0,1
,164045,HFM1,ENSG00000162669,0,0,0,0,0,0,1,0,1,2,0,0,2
,25988,HINFP,ENSG00000172273,1,0,1,0,0,0,0,0,0,2,2,0,0
,7290,HIRA,ENSG00000100084,0,0,0,1,0,1,0,0,0,2,0,2,0
,3105,HLA-A,ENSG00000206503,0,0,0,0,0,1,0,0,1,2,0,1,1
,3159,HMGA1,ENSG00000137309,1,0,1,1,0,1,0,0,0,4,2,2,0
,8091,HMGA2,ENSG00000149948,1,0,1,1,0,1,0,0,1,5,2,2,1
,3146,HMGB1,ENSG00000189403,1,1,1,0,0,0,1,0,1,5,3,0,2
,3148,HMGB2,ENSG00000164104,1,0,1,0,0,0,1,0,1,4,2,0,2
,3149,HMGB3,ENSG00000029993,0,0,0,0,0,0,1,0,1,2,0,0,2
,127540,HMGB4,ENSG00000176256,0,0,0,0,0,0,1,0,1,2,0,0,2
,3150,HMGN1,ENSG00000205581,1,0,1,0,0,0,0,0,0,2,2,0,0
,3251,HPRT1,ENSG00000165704,0,0,1,0,0,0,0,0,1,2,1,0,1
,3265,HRAS,ENSG00000276536,0,0,0,1,0,1,0,0,1,3,0,2,1
,3297,HSF1,ENSG00000185122,1,0,1,0,0,0,0,0,1,3,2,0,1
,3329,HSPD1,ENSG00000144381,0,0,0,1,0,1,0,0,1,3,0,2,1
,27336,HTATSF1,ENSG00000102241,0,0,0,1,0,1,0,0,0,2,0,2,0
,3364,HUS1,ENSG00000136273,1,0,1,1,0,1,1,0,1,6,2,2,2
,135458,HUS1B,ENSG00000188996,1,0,1,1,0,1,1,0,1,6,2,2,2
,10075,HUWE1,ENSG00000086758,1,0,1,0,0,0,0,0,0,2,2,0,0
,3399,ID3,ENSG00000117318,0,0,0,1,0,1,0,0,0,2,0,2,0
,3428,IFI16,ENSG00000163565,0,0,0,1,0,1,0,0,0,2,0,2,0
,3429,IFI27,ENSG00000275214,0,0,0,1,0,1,0,0,0,2,0,2,0
,3434,IFIT1,ENSG00000185745,0,0,0,1,0,1,0,0,0,2,0,2,0
,24138,IFIT5,ENSG00000152778,0,0,0,1,0,1,0,0,0,2,0,2,0
,8519,IFITM1,ENSG00000185885,0,0,0,1,0,1,0,0,0,2,0,2,0
,10581,IFITM2,ENSG00000185201,0,0,0,1,0,1,0,0,0,2,0,2,0
,10410,IFITM3,ENSG00000142089,0,0,0,1,0,1,0,0,0,2,0,2,0
,3456,IFNB1,ENSG00000171855,0,0,0,1,0,1,0,0,1,3,0,2,1
,282617,IFNL3,ENSG00000197110,0,0,0,1,0,1,0,0,0,2,0,2,0
,3508,IGHMBP2,ENSG00000132740,1,0,1,1,0,1,1,0,1,6,2,2,2
,339834,IHO1,ENSG00000173421,0,0,0,0,0,0,1,0,1,2,0,0,2
,3575,IL7R,ENSG00000168685,0,0,0,0,0,0,1,0,1,2,0,0,2
,3609,ILF3,ENSG00000129351,0,0,0,1,0,1,0,0,0,2,0,2,0
,51147,ING4,ENSG00000111653,0,0,0,1,0,1,0,0,0,2,0,2,0
,84289,ING5,ENSG00000168395,0,0,0,1,0,1,0,0,0,2,0,2,0
,58493,INIP,ENSG00000148153,1,0,1,0,0,0,0,0,0,2,2,0,0
,54617,INO80,ENSG00000128908,1,0,1,1,0,1,1,0,1,6,2,2,2
,83444,INO80B,ENSG00000115274,1,0,1,0,0,0,1,0,1,4,2,0,2
,125476,INO80C,ENSG00000153391,1,0,1,0,0,0,1,0,1,4,2,0,2
,54891,INO80D,ENSG00000114933,1,0,1,0,0,0,1,0,1,4,2,0,2
,283899,INO80E,ENSG00000169592,1,0,1,0,0,0,1,0,1,4,2,0,2
,51763,INPP5K,ENSG00000132376,0,0,0,1,0,1,0,0,0,2,0,2,0
,65123,INTS3,ENSG00000262826,1,0,1,0,0,0,0,0,0,2,2,0,0
,79711,IPO4,ENSG00000196497,0,0,0,1,0,1,0,0,0,2,0,2,0
,9636,ISG15,ENSG00000187608,0,0,1,1,0,1,0,0,0,3,1,2,0
,3669,ISG20,ENSG00000172183,0,0,0,1,0,1,0,0,0,2,0,2,0
,57461,ISY1,ENSG00000240682,1,0,1,0,0,0,0,0,0,2,2,0,0
,133746,JMY,ENSG00000152409,1,0,1,0,0,0,0,0,0,2,2,0,0
,3725,JUN,ENSG00000177606,0,0,1,1,0,1,0,0,0,3,1,2,0
,147872,KASH5,ENSG00000161609,1,0,1,0,0,0,1,0,1,4,2,0,2
,2648,KAT2A,ENSG00000108773,0,0,0,1,0,1,0,0,0,2,0,2,0
,8850,KAT2B,ENSG00000114166,0,0,0,1,0,1,0,0,0,2,0,2,0
,10524,KAT5,ENSG00000172977,1,0,1,1,0,1,0,0,1,5,2,2,1
,11143,KAT7,ENSG00000136504,0,0,0,1,0,1,0,0,0,2,0,2,0
,253980,KCTD13,ENSG00000174943,0,0,0,1,0,1,0,0,0,2,0,2,0
,23028,KDM1A,ENSG00000004487,1,0,1,0,0,0,1,0,1,4,2,0,2
,22992,KDM2A,ENSG00000173120,1,0,1,0,0,0,0,0,1,3,2,0,1
,55693,KDM4D,ENSG00000186280,1,0,1,0,0,0,1,0,1,4,2,0,2
,3835,KIF22,ENSG00000079616,1,0,1,0,0,0,0,0,0,2,2,0,0
,22944,KIN,ENSG00000151657,1,0,1,1,0,1,1,0,1,6,2,2,2
,116138,KLHDC3,ENSG00000124702,0,0,0,0,0,0,1,0,1,2,0,0,2
,80311,KLHL15,ENSG00000174010,1,0,1,0,0,0,1,0,1,4,2,0,2
,3836,KPNA1,ENSG00000114030,0,0,0,0,0,0,1,0,1,2,0,0,2
,3838,KPNA2,ENSG00000182481,0,0,1,0,0,0,1,0,1,3,1,0,2
,10542,LAMTOR5,ENSG00000134248,0,0,0,1,0,1,0,0,0,2,0,2,0
,23367,LARP1,ENSG00000155506,0,0,0,1,0,1,0,0,0,2,0,2,0
,51176,LEF1,ENSG00000138795,0,0,0,0,0,0,1,0,1,2,0,0,2
,389898,Li174,ENSG00000276380,1,0,1,1,0,1,0,0,0,4,2,2,0
,3978,LIG1,ENSG00000105486,1,1,1,1,1,1,0,0,0,6,3,3,0
,3980,LIG3,ENSG00000005156,1,1,1,1,0,1,1,0,1,7,3,2,2
,3981,LIG4,ENSG00000174405,1,0,1,1,0,1,1,0,1,6,2,2,2
,222229,LRWD1,ENSG00000161036,0,0,0,1,0,1,0,0,0,2,0,2,0
,4057,LTF,ENSG00000012223,0,0,0,1,0,1,0,0,0,2,0,2,0
,10459,MAD2L2,ENSG00000116670,1,0,1,0,0,1,1,0,1,5,2,1,2
,64110,MAGEF1,ENSG00000177383,1,0,1,0,0,0,1,0,1,4,2,0,2
,6416,MAP2K4,ENSG00000065559,0,0,0,1,0,1,0,0,0,2,0,2,0
,5599,MAPK8,ENSG00000107643,0,0,1,1,0,0,0,0,0,2,1,1,0
,9665,MARF1,ENSG00000277140,1,0,1,0,0,0,0,0,0,2,2,0,0
,4142,MAS1,ENSG00000130368,0,0,0,1,0,1,0,0,0,2,0,2,0
,57506,MAVS,ENSG00000088888,0,0,0,1,0,1,0,0,0,2,0,2,0
,8930,MBD4,ENSG00000129071,1,1,1,0,0,0,0,0,0,3,3,0,0
,4157,MC1R,ENSG00000258839,1,0,1,0,0,0,0,0,0,2,2,0,0
,345643,MCIDAS,ENSG00000234602,0,0,0,1,0,1,0,0,0,2,0,2,0
,55388,MCM10,ENSG00000065328,0,0,0,1,0,1,0,0,0,2,0,2,0
,4171,MCM2,ENSG00000073111,1,0,0,1,1,1,0,0,0,4,1,3,0
,4172,MCM3,ENSG00000112118,1,0,0,1,1,1,0,0,0,4,1,3,0
,4173,MCM4,ENSG00000104738,1,0,0,1,1,1,0,0,0,4,1,3,0
,4174,MCM5,ENSG00000100297,1,0,0,1,1,1,0,0,0,4,1,3,0
,4175,MCM6,ENSG00000076003,1,0,0,1,1,1,0,0,0,4,1,3,0
,4176,MCM7,ENSG00000166508,1,0,0,1,1,1,0,0,0,4,1,3,0
,84515,MCM8,ENSG00000125885,1,0,1,1,0,1,1,0,1,6,2,2,2
,254394,MCM9,ENSG00000111877,1,0,1,1,0,1,1,0,1,6,2,2,2
,79892,MCMBP,ENSG00000197771,0,0,0,1,0,1,0,0,0,2,0,2,0
,157777,MCMDC2,ENSG00000178460,1,0,1,1,0,1,1,0,1,6,2,2,2
,10445,MCRS1,ENSG00000187778,1,0,1,0,0,0,1,0,1,4,2,0,2
,9656,MDC1,ENSG00000234012,1,0,1,0,0,0,0,0,1,3,2,0,1
,56890,MDM1,ENSG00000111554,0,0,0,1,0,1,0,0,0,2,0,2,0
,101928601,MEI4,ENSG00000269964,0,0,0,0,0,0,1,0,1,2,0,0,2
,254528,MEIOB,ENSG00000162039,1,0,1,0,0,0,1,0,1,4,2,0,2
,284071,MEIOC,ENSG00000180336,1,0,1,0,0,0,0,0,0,2,2,0,0
,4221,MEN1,ENSG00000133895,1,0,1,0,0,0,0,0,0,2,2,0,0
,92667,MGME1,ENSG00000125871,1,0,1,1,0,1,0,0,0,4,2,2,0
,4255,MGMT,ENSG00000170430,1,0,1,0,0,0,0,0,0,2,2,0,0
,407006,mir-221,NA,1,0,1,1,0,1,0,0,0,4,2,2,0
,407007,mir-222,NA,0,0,0,1,0,1,0,0,0,2,0,2,0
,4292,MLH1,ENSG00000076242,1,1,1,0,0,0,1,0,1,5,3,0,2
,27030,MLH3,ENSG00000119684,1,1,1,0,0,0,1,0,1,5,3,0,2
,64210,MMS19,ENSG00000155229,1,0,1,0,0,0,1,0,1,4,2,0,2
,253714,MMS22L,ENSG00000146263,1,0,1,1,0,1,1,0,1,6,2,2,2
,4331,MNAT1,ENSG00000020426,1,1,1,0,0,0,0,0,0,3,3,0,0
,84057,MND1,ENSG00000121211,0,0,0,0,0,0,1,0,1,2,0,0,2
,22880,MORC2,ENSG00000133422,0,0,0,1,0,1,0,0,0,2,0,2,0
,10933,MORF4L1,ENSG00000185787,1,0,1,0,0,0,1,0,1,4,2,0,2
,9643,MORF4L2,ENSG00000123562,1,0,1,0,0,0,0,0,0,2,2,0,0
,4350,MPG,ENSG00000103152,1,1,1,0,0,0,0,0,0,3,3,0,0
,54737,MPHOSPH8,ENSG00000196199,0,0,0,1,0,1,0,0,0,2,0,2,0
,4361,MRE11,ENSG00000020922,1,0,1,1,0,1,1,1,1,7,2,2,3
,51149,MRNIP,ENSG00000161010,1,0,1,0,0,0,1,0,1,4,2,0,2
,4436,MSH2,ENSG00000095002,1,1,1,1,0,1,1,0,1,7,3,2,2
,4437,MSH3,ENSG00000113318,1,1,1,1,0,1,1,0,1,7,3,2,2
,4438,MSH4,ENSG00000057468,1,0,1,0,0,0,1,0,1,4,2,0,2
,4439,MSH5,ENSG00000204410,1,0,1,0,0,0,1,0,1,4,2,0,2
,2956,MSH6,ENSG00000116062,1,1,1,0,0,1,1,0,1,6,3,1,2
,4482,MSRA,ENSG00000175806,1,0,1,0,0,0,0,0,0,2,2,0,0
,51734,MSRB1,ENSG00000198736,1,0,1,0,0,0,0,0,0,2,2,0,0
,22921,MSRB2,ENSG00000148450,1,0,1,0,0,0,0,0,0,2,2,0,0
,253827,MSRB3,ENSG00000174099,1,0,1,0,0,0,0,0,0,2,2,0,0
,9112,MTA1,ENSG00000182979,1,0,1,0,0,0,0,0,0,2,2,0,0
,2475,MTOR,ENSG00000198793,0,0,1,0,0,0,0,0,1,2,1,0,1
,80198,MUS81,ENSG00000172732,1,0,1,1,0,1,1,1,1,7,2,2,3
,4595,MUTYH,ENSG00000132781,1,1,1,0,0,0,0,0,0,3,3,0,0
,4599,MX1,ENSG00000157601,0,0,0,1,0,1,0,0,0,2,0,2,0
,4628,MYH10,ENSG00000133026,1,0,1,0,0,0,0,0,0,2,2,0,0
,26509,MYOF,ENSG00000138119,1,0,1,0,0,0,0,0,0,2,2,0,0
,64859,NABP1,ENSG00000173559,1,0,1,0,0,0,1,0,1,4,2,0,2
,79035,NABP2,ENSG00000139579,1,0,1,0,0,0,1,0,1,4,2,0,2
,8883,NAE1,ENSG00000159593,0,0,0,1,0,1,0,0,0,2,0,2,0
,4673,NAP1L1,ENSG00000187109,0,0,0,1,0,1,0,0,0,2,0,2,0
,4678,NASP,ENSG00000132780,0,0,0,1,0,1,0,0,0,2,0,2,0
,4683,NBN,ENSG00000104320,1,0,1,1,0,1,1,1,1,7,2,2,3
,22916,NCBP2,ENSG00000114503,0,0,1,0,0,1,0,0,0,2,1,1,0
,23054,NCOA6,ENSG00000198646,1,0,1,1,0,1,1,0,1,6,2,2,2
,55706,NDC1,ENSG00000058804,0,0,1,0,0,1,0,0,0,2,1,1,0
,79661,NEIL1,ENSG00000140398,1,1,1,0,0,0,0,0,0,3,3,0,0
,252969,NEIL2,ENSG00000154328,1,1,1,0,0,0,0,0,0,3,3,0,0
,55247,NEIL3,ENSG00000109674,1,1,1,0,0,0,0,0,0,3,3,0,0
,4774,NFIA,ENSG00000162599,0,0,0,1,0,1,0,0,0,2,0,2,0
,4781,NFIB,ENSG00000147862,0,0,0,1,0,1,0,0,0,2,0,2,0
,4782,NFIC,ENSG00000141905,0,0,0,1,0,1,0,0,0,2,0,2,0
,4784,NFIX,ENSG00000008441,0,0,0,1,0,1,0,0,0,2,0,2,0
,4798,NFRKB,ENSG00000170322,1,0,1,0,0,0,1,0,1,4,2,0,2
,79840,NHEJ1,ENSG00000187736,1,0,1,0,0,0,0,0,1,3,2,0,1
,25836,NIPBL,ENSG00000164190,1,0,1,1,0,0,0,0,1,4,2,1,1
,4841,NONO,ENSG00000147140,1,0,1,0,0,0,1,0,1,4,2,0,2
,29997,NOP53,ENSG00000105373,1,0,1,0,0,0,0,0,0,2,2,0,0
,4851,NOTCH1,ENSG00000148400,0,0,0,1,0,1,0,0,0,2,0,2,0
,4862,NPAS2,ENSG00000170485,1,0,1,0,0,0,0,0,0,2,2,0,0
,55666,NPLOC4,ENSG00000182446,0,0,1,0,0,1,0,0,0,2,1,1,0
,4869,NPM1,ENSG00000181163,1,0,1,1,0,1,0,0,0,4,2,2,0
,10361,NPM2,ENSG00000158806,0,0,0,1,0,1,0,0,0,2,0,2,0
,2494,NR5A2,ENSG00000116833,0,0,0,1,0,1,0,0,0,2,0,2,0
,7468,NSD2,ENSG00000109685,1,0,1,0,0,0,0,0,1,3,2,0,1
,197370,NSMCE1,ENSG00000169189,1,0,1,1,0,1,1,0,1,6,2,2,2
,286053,NSMCE2,ENSG00000156831,1,0,1,0,0,0,1,0,1,4,2,0,2
,56160,NSMCE3,ENSG00000185115,1,0,1,0,0,0,1,0,1,4,2,0,2
,54780,NSMCE4A,ENSG00000107672,1,0,1,0,0,0,1,0,1,4,2,0,2
,56953,NT5M,ENSG00000205309,0,0,0,1,0,1,0,0,0,2,0,2,0
,4913,NTHL1,ENSG00000065057,1,1,1,0,0,0,0,0,0,3,3,0,0
,64710,NUCKS1,ENSG00000069275,1,0,1,1,0,1,1,0,1,6,2,2,2
,4521,NUDT1,ENSG00000106268,1,0,1,0,0,0,0,0,0,2,2,0,0
,131870,NUDT16,ENSG00000198585,1,0,1,0,0,0,0,0,0,2,2,0,0
,84309,NUDT16L1,ENSG00000168101,1,0,1,0,0,0,0,0,1,3,2,0,1
,389643,NUGGC,ENSG00000189233,0,0,0,1,0,1,0,0,0,2,0,2,0
,57122,NUP107,ENSG00000111581,0,0,1,0,0,1,0,0,0,2,1,1,0
,55746,NUP133,ENSG00000069248,0,0,1,0,0,1,0,0,0,2,1,1,0
,9972,NUP153,ENSG00000124789,0,0,1,0,0,1,0,0,0,2,1,1,0
,9631,NUP155,ENSG00000113569,0,0,1,0,0,1,0,0,0,2,1,1,0
,23279,NUP160,ENSG00000030066,0,0,1,0,0,1,0,0,0,2,1,1,0
,23511,NUP188,ENSG00000095319,0,0,1,0,0,1,0,0,0,2,1,1,0
,23165,NUP205,ENSG00000155561,0,0,1,0,0,1,0,0,0,2,1,1,0
,23225,NUP210,ENSG00000132182,0,0,1,0,0,1,0,0,0,2,1,1,0
,8021,NUP214,ENSG00000126883,0,0,1,0,0,1,0,0,0,2,1,1,0
,129401,NUP35,ENSG00000163002,0,0,1,0,0,1,0,0,0,2,1,1,0
,79023,NUP37,ENSG00000075188,0,0,1,0,0,1,0,0,0,2,1,1,0
,11097,NUP42,ENSG00000136243,0,0,1,0,0,1,0,0,0,2,1,1,0
,348995,NUP43,ENSG00000120253,0,0,1,0,0,1,0,0,0,2,1,1,0
,10762,NUP50,ENSG00000093000,0,0,1,0,0,1,0,0,0,2,1,1,0
,53371,NUP54,ENSG00000138750,0,0,1,0,0,1,0,0,0,2,1,1,0
,9818,NUP58,ENSG00000139496,0,0,1,0,0,1,0,0,0,2,1,1,0
,23636,NUP62,ENSG00000213024,0,0,1,1,0,1,0,0,0,3,1,2,0
,79902,NUP85,ENSG00000125450,0,0,1,0,0,1,0,0,0,2,1,1,0
,4927,NUP88,ENSG00000108559,0,0,1,0,0,1,0,0,0,2,1,1,0
,9688,NUP93,ENSG00000102900,0,0,1,0,0,1,0,0,0,2,1,1,0
,4928,NUP98,ENSG00000110713,0,0,1,1,0,1,0,0,0,3,1,2,0
,4938,OAS1,ENSG00000089127,0,0,0,1,0,1,0,0,0,2,0,2,0
,4940,OAS3,ENSG00000111331,0,0,0,1,0,1,0,0,0,2,0,2,0
,8638,OASL,ENSG00000135114,0,0,0,1,0,1,0,0,0,2,0,2,0
,4968,OGG1,ENSG00000114026,1,1,1,0,0,0,0,0,1,4,3,0,1
,4998,ORC1,ENSG00000085840,0,0,0,1,0,1,0,0,0,2,0,2,0
,4999,ORC2,ENSG00000115942,0,0,0,1,0,1,0,0,0,2,0,2,0
,23595,ORC3,ENSG00000135336,0,0,0,1,0,1,0,0,0,2,0,2,0
,5000,ORC4,ENSG00000115947,0,0,0,1,0,1,0,0,0,2,0,2,0
,5001,ORC5,ENSG00000164815,0,0,0,1,0,1,0,0,0,2,0,2,0
,23594,ORC6,ENSG00000091651,0,0,0,1,0,1,0,0,0,2,0,2,0
,55611,OTUB1,ENSG00000167770,1,0,1,0,0,0,0,0,0,2,2,0,0
,26986,PABPC1,ENSG00000070756,0,0,0,1,0,1,0,0,0,2,0,2,0
,79447,PAGR1,ENSG00000280789,1,0,1,0,0,0,1,0,1,4,2,0,2
,79728,PALB2,ENSG00000083093,1,0,1,0,0,0,1,0,1,4,2,0,2
,8505,PARG,ENSG00000227345,1,0,1,0,0,0,0,0,0,2,2,0,0
,11315,PARK7,ENSG00000116288,1,0,1,0,0,0,0,0,0,2,2,0,0
,142,PARP1,ENSG00000143799,1,1,1,0,0,0,1,0,1,5,3,0,2
,84875,PARP10,ENSG00000178685,0,0,1,1,0,1,0,0,0,3,1,2,0
,10038,PARP2,ENSG00000129484,1,1,1,0,0,0,0,0,0,3,3,0,0
,10039,PARP3,ENSG00000041880,1,1,1,0,0,0,0,0,1,4,3,0,1
,143,PARP4,ENSG00000102699,1,1,1,0,0,0,0,0,0,3,3,0,0
,83666,PARP9,ENSG00000138496,1,0,1,0,0,0,0,0,1,3,2,0,1
,55010,PARPBP,ENSG00000185480,1,0,1,0,0,0,1,0,1,4,2,0,2
,22976,PAXIP1,ENSG00000157212,1,0,1,0,0,0,1,0,1,4,2,0,2
,286257,PAXX,ENSG00000148362,1,0,1,0,0,0,0,0,1,3,2,0,1
,5093,PCBP1,ENSG00000169564,0,0,0,1,0,1,0,0,0,2,0,2,0
,5094,PCBP2,ENSG00000197111,0,0,0,1,0,1,0,0,0,2,0,2,0
,9768,PCLAF,ENSG00000166803,0,0,1,1,0,1,0,0,0,3,1,2,0
,5110,PCMT1,ENSG00000120265,1,0,1,0,0,0,0,0,0,2,2,0,0
,5111,PCNA,ENSG00000132646,1,1,1,1,1,1,0,0,1,7,3,3,1
,201626,PDE12,ENSG00000174840,0,0,0,1,0,1,0,0,0,2,0,2,0
,23244,PDS5A,ENSG00000121892,1,0,1,1,0,1,0,0,0,4,2,2,0
,23047,PDS5B,ENSG00000083642,1,0,1,0,0,0,0,0,0,2,2,0,0
,51317,PHF21A,ENSG00000135365,1,0,1,0,0,0,0,0,0,2,2,0,0
,5297,PI4KA,ENSG00000241973,0,0,0,1,0,1,0,0,0,2,0,2,0
,10401,PIAS3,ENSG00000131788,0,0,1,0,0,1,0,0,0,2,1,1,0
,51588,PIAS4,ENSG00000105229,1,0,1,0,0,1,0,0,1,4,2,1,1
,80119,PIF1,ENSG00000140451,1,0,1,1,0,1,1,0,1,6,2,2,2
,5288,PIK3C2G,ENSG00000139144,0,0,0,1,0,1,0,0,0,2,0,2,0
,5586,PKN2,ENSG00000065243,0,0,0,1,0,1,0,0,0,2,0,2,0
,10769,PLK2,ENSG00000145632,0,0,0,1,0,1,0,0,0,2,0,2,0
,10733,PLK4,ENSG00000142731,0,0,0,1,0,1,0,0,0,2,0,2,0
,5356,PLRG1,ENSG00000171566,0,0,0,1,0,1,0,0,0,2,0,2,0
,5359,PLSCR1,ENSG00000188313,0,0,0,1,0,1,0,0,0,2,0,2,0
,5371,PML,ENSG00000140464,1,0,1,0,0,0,0,0,0,2,2,0,0
,5378,PMS1,ENSG00000064933,1,0,1,0,0,0,0,0,0,2,2,0,0
,5395,PMS2,ENSG00000122512,1,1,1,0,0,0,0,0,0,3,3,0,0
,5379,PMS2L1,NA,1,0,1,0,0,0,0,0,0,2,2,0,0
,107161145,PMS2L11,NA,1,0,1,0,0,0,0,0,0,2,2,0,0
,729453,PMS2L14,NA,1,0,1,0,0,0,0,0,0,2,2,0,0
,5387,PMS2L3,NA,1,0,1,0,0,0,0,0,0,2,2,0,0
,5383,PMS2L5,NA,1,0,1,0,0,0,0,0,0,2,2,0,0
,11284,PNKP,ENSG00000039650,1,0,1,1,0,1,0,0,0,4,2,2,0
,5422,POLA1,ENSG00000101868,1,0,1,1,1,1,0,0,1,6,2,3,1
,23649,POLA2,ENSG00000014138,0,0,1,1,1,1,0,0,0,4,1,3,0
,5423,POLB,ENSG00000070501,1,1,1,1,0,1,1,0,1,7,3,2,2
,5424,POLD1,ENSG00000062822,1,1,1,1,1,1,0,1,1,8,3,3,2
,5425,POLD2,ENSG00000106628,1,1,1,1,1,1,0,1,1,8,3,3,2
,10714,POLD3,ENSG00000077514,1,1,1,1,1,1,0,1,1,8,3,3,2
,57804,POLD4,ENSG00000175482,1,1,1,1,1,1,0,1,1,8,3,3,2
,5426,POLE,ENSG00000177084,1,1,1,1,1,1,0,0,1,7,3,3,1
,5427,POLE2,ENSG00000100479,1,1,1,1,1,1,0,0,1,7,3,3,1
,54107,POLE3,ENSG00000148229,0,1,1,1,1,1,0,0,1,6,2,3,1
,56655,POLE4,ENSG00000115350,0,1,1,1,1,1,0,0,1,6,2,3,1
,5428,POLG,ENSG00000140521,1,0,1,1,0,1,0,0,0,4,2,2,0
,11232,POLG2,ENSG00000256525,1,0,1,1,0,1,0,0,0,4,2,2,0
,5429,POLH,ENSG00000170734,1,0,1,1,0,1,0,0,1,5,2,2,1
,11201,POLI,ENSG00000101751,1,0,1,1,0,1,0,0,0,4,2,2,0
,51426,POLK,ENSG00000122008,1,0,1,1,0,1,0,0,1,5,2,2,1
,27343,POLL,ENSG00000166169,1,1,1,1,0,1,1,0,1,7,3,2,2
,27434,POLM,ENSG00000122678,1,0,1,0,0,1,1,0,1,5,2,1,2
,353497,POLN,ENSG00000130997,1,0,1,1,0,1,1,0,1,6,2,2,2
,10721,POLQ,ENSG00000051341,1,0,1,1,0,1,1,0,1,6,2,2,2
,5430,POLR2A,ENSG00000181222,1,0,1,0,0,0,0,0,0,2,2,0,0
,5431,POLR2B,ENSG00000047315,1,0,1,0,0,0,0,0,0,2,2,0,0
,5432,POLR2C,ENSG00000102978,1,0,1,0,0,0,0,0,0,2,2,0,0
,5433,POLR2D,ENSG00000144231,1,0,1,0,0,0,0,0,0,2,2,0,0
,5434,POLR2E,ENSG00000099817,1,0,1,0,0,0,0,0,0,2,2,0,0
,5435,POLR2F,ENSG00000100142,1,0,1,0,0,0,0,0,0,2,2,0,0
,5436,POLR2G,ENSG00000168002,1,0,1,0,0,0,0,0,0,2,2,0,0
,5437,POLR2H,ENSG00000163882,1,0,1,0,0,0,0,0,0,2,2,0,0
,5438,POLR2I,ENSG00000105258,1,0,1,0,0,0,0,0,0,2,2,0,0
,5439,POLR2J,ENSG00000005075,1,0,1,0,0,0,0,0,0,2,2,0,0
,5440,POLR2K,ENSG00000147669,1,0,1,0,0,0,0,0,0,2,2,0,0
,5441,POLR2L,ENSG00000177700,1,0,1,0,0,0,0,0,0,2,2,0,0
,9883,POM121,ENSG00000196313,0,0,1,0,0,1,0,0,0,2,1,1,0
,100101267,POM121-2,ENSG00000272391,0,0,1,0,0,1,0,0,0,2,1,1,0
,5478,PPIA,ENSG00000196262,0,0,0,1,0,1,0,0,0,2,0,2,0
,5479,PPIB,ENSG00000166794,0,0,0,1,0,1,0,0,0,2,0,2,0
,5481,PPID,ENSG00000171497,0,0,0,1,0,1,0,0,0,2,0,2,0
,10450,PPIE,ENSG00000084072,1,0,1,1,0,1,0,0,0,4,2,2,0
,10465,PPIH,ENSG00000171960,0,0,0,1,0,1,0,0,0,2,0,2,0
,5515,PPP2CA,ENSG00000113575,0,0,0,1,0,1,0,0,0,2,0,2,0
,5518,PPP2R1A,ENSG00000105568,0,0,0,1,0,1,0,0,0,2,0,2,0
,5531,PPP4C,ENSG00000149923,1,0,1,0,0,0,1,0,1,4,2,0,2
,151987,PPP4R2,ENSG00000163605,1,0,1,0,0,0,1,0,1,4,2,0,2
,5536,PPP5C,ENSG00000011485,1,0,1,0,0,0,0,0,0,2,2,0,0
,11105,PRDM7,ENSG00000126856,0,0,0,0,0,0,1,0,1,2,0,0,2
,56979,PRDM9,ENSG00000164256,0,0,0,0,0,0,1,0,1,2,0,0,2
,5557,PRIM1,ENSG00000198056,0,0,1,1,1,1,0,0,0,4,1,3,0
,5558,PRIM2,ENSG00000146143,0,0,0,1,1,1,0,0,0,3,0,3,0
,201973,PRIMPOL,ENSG00000164306,0,0,1,1,0,1,0,0,0,3,1,2,0
,5582,PRKCG,ENSG00000126583,1,0,1,0,0,0,0,0,0,2,2,0,0
,5591,PRKDC,ENSG00000253729,1,0,1,0,0,0,1,0,1,4,2,0,2
,5071,PRKN,ENSG00000185345,0,0,0,1,0,1,0,0,0,2,0,2,0
,55170,PRMT6,ENSG00000198890,1,0,1,0,0,0,0,0,0,2,2,0,0
,5629,PROX1,ENSG00000117707,0,0,0,1,0,1,0,0,0,2,0,2,0
,27339,PRPF19,ENSG00000110107,1,0,1,1,0,1,0,0,1,5,2,2,1
,29893,PSMC3IP,ENSG00000131470,0,0,0,0,0,0,1,0,1,2,0,0,2
,10213,PSMD14,ENSG00000115233,1,0,1,0,0,1,1,0,1,5,2,1,2
,23198,PSME4,ENSG00000068878,1,0,1,0,0,1,0,0,0,3,2,1,0
,5763,PTMS,ENSG00000159335,0,0,0,1,0,1,0,0,0,2,0,2,0
,9232,PTTG1,ENSG00000164611,1,0,1,0,0,1,0,0,0,3,2,1,0
,5813,PURA,ENSG00000185129,0,0,0,1,0,1,0,0,0,2,0,2,0
,5814,PURB,ENSG00000146676,0,0,0,1,0,1,0,0,0,2,0,2,0
,84939,PWWP3A,ENSG00000160953,1,0,1,0,0,0,0,0,0,2,2,0,0
,8934,RAB29,ENSG00000117280,0,0,0,1,0,1,0,0,0,2,0,2,0
,5868,RAB5A,ENSG00000144566,0,0,0,1,0,1,0,0,0,2,0,2,0
,5879,RAC1,ENSG00000136238,0,0,0,1,0,1,0,0,0,2,0,2,0
,5810,RAD1,ENSG00000113456,1,0,1,1,0,1,1,0,1,6,2,2,2
,5884,RAD17,ENSG00000276618,1,0,1,1,0,1,0,0,1,5,2,2,1
,56852,RAD18,ENSG00000070950,1,0,1,1,0,1,0,0,0,4,2,2,0
,5885,RAD21,ENSG00000164754,1,0,1,0,0,0,1,0,1,4,2,0,2
,642636,RAD21L1,ENSG00000244588,1,0,1,0,0,0,1,0,1,4,2,0,2
,5886,RAD23A,ENSG00000179262,1,1,1,1,0,1,0,0,0,5,3,2,0
,5887,RAD23B,ENSG00000119318,1,1,1,0,0,0,0,0,0,3,3,0,0
,10111,RAD50,ENSG00000113522,1,0,1,1,0,1,1,1,1,7,2,2,3
,5888,RAD51,ENSG00000051180,1,0,1,1,0,1,1,1,1,7,2,2,3
,10635,RAD51AP1,ENSG00000111247,1,0,1,0,0,0,1,0,1,4,2,0,2
,5890,RAD51B,ENSG00000182185,1,0,1,1,0,1,1,1,1,7,2,2,3
,5889,RAD51C,ENSG00000108384,1,0,1,1,0,1,1,1,1,7,2,2,3
,5892,RAD51D,ENSG00000185379,1,0,1,1,0,1,1,1,1,7,2,2,3
,5893,RAD52,ENSG00000002016,1,0,1,0,0,0,1,1,1,5,2,0,3
,25788,RAD54B,ENSG00000197275,1,0,1,0,0,0,1,1,1,5,2,0,3
,8438,RAD54L,ENSG00000085999,1,0,1,0,0,0,1,1,1,5,2,0,3
,5883,RAD9A,ENSG00000172613,1,0,1,1,0,1,0,0,1,5,2,2,1
,144715,RAD9B,ENSG00000151164,1,0,1,1,0,1,0,0,1,5,2,2,1
,55086,RADX,ENSG00000147231,1,0,1,1,0,1,1,0,1,6,2,2,2
,8480,RAE1,ENSG00000101146,0,0,1,0,0,1,0,0,0,2,1,1,0
,5896,RAG1,ENSG00000166349,0,0,0,0,0,0,1,0,1,2,0,0,2
,5897,RAG2,ENSG00000175097,0,0,0,0,0,0,1,0,1,2,0,0,2
,5903,RANBP2,ENSG00000153201,0,0,1,0,0,1,0,0,0,2,1,1,0
,5928,RBBP4,ENSG00000162521,0,0,1,1,0,1,0,0,0,3,1,2,0
,5930,RBBP6,ENSG00000122257,0,0,0,1,0,1,0,0,0,2,0,2,0
,5931,RBBP7,ENSG00000102054,0,0,0,1,0,1,0,0,0,2,0,2,0
,5932,RBBP8,ENSG00000101773,1,0,1,1,0,1,1,0,1,6,2,2,2
,10432,RBM14,ENSG00000239306,1,0,1,1,0,1,1,0,1,6,2,2,2
,84991,RBM17,ENSG00000134453,1,0,1,0,0,0,0,0,0,2,2,0,0
,5937,RBMS1,ENSG00000153250,0,0,0,1,0,1,0,0,0,2,0,2,0
,9978,RBX1,ENSG00000100387,1,1,1,0,0,1,0,0,0,4,3,1,0
,25898,RCHY1,ENSG00000163743,0,0,1,0,0,1,0,0,0,2,1,1,0
,23186,RCOR1,ENSG00000089902,1,0,1,0,0,0,0,0,0,2,2,0,0
,283677,REC114,ENSG00000183324,0,0,0,0,0,0,1,0,1,2,0,0,2
,9985,REC8,ENSG00000100918,1,0,1,0,0,0,1,0,1,4,2,0,2
,5965,RECQL,ENSG00000004700,1,0,1,1,0,0,1,0,1,5,2,1,2
,9401,RECQL4,ENSG00000160957,1,0,1,1,0,1,1,0,1,6,2,2,2
,9400,RECQL5,ENSG00000108469,1,0,1,1,0,1,1,0,1,6,2,2,2
,29803,REPIN1,ENSG00000214022,0,0,0,1,0,1,0,0,0,2,0,2,0
,55196,RESF1,ENSG00000174718,0,0,0,1,0,1,0,0,0,2,0,2,0
,51455,REV1,ENSG00000135945,0,0,1,1,0,1,0,0,0,3,1,2,0
,5980,REV3L,ENSG00000009413,1,0,1,1,0,1,1,0,0,5,2,2,1
,57109,REXO4,ENSG00000148300,1,0,1,0,0,0,1,0,1,4,2,0,2
,5981,RFC1,ENSG00000035928,1,1,1,1,1,1,0,0,1,7,3,3,1
,5982,RFC2,ENSG00000049541,1,1,1,1,1,1,0,0,1,7,3,3,1
,5983,RFC3,ENSG00000133119,1,1,1,1,1,1,0,0,1,7,3,3,1
,5984,RFC4,ENSG00000163918,1,1,1,1,1,1,0,0,1,7,3,3,1
,5985,RFC5,ENSG00000111445,1,1,1,1,1,1,0,0,1,7,3,3,1
,55159,RFWD3,ENSG00000168411,1,0,1,1,0,1,1,0,1,6,2,2,2
,83695,RHNO1,ENSG00000171792,1,0,1,1,0,1,1,0,1,6,2,2,2
,55183,RIF1,ENSG00000080345,1,0,1,0,0,0,1,0,1,4,2,0,2
,80010,RMI1,ENSG00000178966,1,0,1,1,0,1,1,0,1,6,2,2,2
,116028,RMI2,ENSG00000175643,1,0,1,1,0,1,1,0,1,6,2,2,2
,246243,RNASEH1,ENSG00000171865,0,0,0,1,1,1,0,0,0,3,0,3,0
,10535,RNASEH2A,ENSG00000104889,1,0,1,1,1,1,0,0,0,5,2,3,0
,79621,RNASEH2B,ENSG00000136104,0,0,0,0,1,1,0,0,0,2,0,2,0
,84153,RNASEH2C,ENSG00000172922,0,0,0,0,1,1,0,0,0,2,0,2,0
,6041,RNASEL,ENSG00000135828,0,0,0,1,0,1,0,0,0,2,0,2,0
,54778,RNF111,ENSG00000157450,1,0,1,0,0,0,0,0,0,2,2,0,0
,7737,RNF113A,ENSG00000125352,1,0,1,0,0,0,0,0,0,2,2,0,0
,51444,RNF138,ENSG00000134758,1,0,1,0,0,0,1,0,1,4,2,0,2
,165918,RNF168,ENSG00000163961,1,0,1,0,0,0,0,0,1,3,2,0,1
,254225,RNF169,ENSG00000166439,1,0,1,0,0,0,0,0,0,2,2,0,0
,285498,RNF212,ENSG00000178222,0,0,0,0,0,0,1,0,1,2,0,0,2
,9025,RNF8,ENSG00000112130,1,0,1,0,0,0,0,0,1,3,2,0,1
,9475,ROCK2,ENSG00000134318,0,0,0,1,0,1,0,0,0,2,0,2,0
,6117,RPA1,ENSG00000132383,1,1,1,1,1,1,1,1,1,9,3,3,3
,6118,RPA2,ENSG00000117748,1,1,1,1,1,1,1,1,1,9,3,3,3
,6119,RPA3,ENSG00000106399,1,1,1,1,1,1,1,1,1,9,3,3,3
,29935,RPA4,ENSG00000204086,1,1,1,1,1,1,1,1,1,9,3,3,3
,84268,RPAIN,ENSG00000129197,1,0,1,1,0,1,1,0,1,6,2,2,2
,6233,RPS27A,ENSG00000143947,1,0,1,0,0,1,0,0,1,4,2,1,1
,6188,RPS3,ENSG00000149273,1,0,1,0,0,0,0,0,0,2,2,0,0
,6240,RRM1,ENSG00000167325,0,0,1,1,0,1,0,0,0,3,1,2,0
,6241,RRM2,ENSG00000171848,0,0,1,1,0,1,0,0,0,3,1,2,0
,50484,RRM2B,ENSG00000048392,1,0,1,1,0,1,0,0,0,4,2,2,0
,91543,RSAD2,ENSG00000134321,0,0,0,1,0,1,0,0,1,3,0,2,1
,51750,RTEL1,ENSG00000258366,1,0,1,1,0,1,1,0,1,6,2,2,2
,51507,RTF2,ENSG00000022277,0,0,0,1,0,1,0,0,0,2,0,2,0
,8607,RUVBL1,ENSG00000175792,1,0,1,0,0,1,1,0,1,5,2,1,2
,10856,RUVBL2,ENSG00000183207,1,0,1,0,0,0,1,0,1,4,2,0,2
,6282,S100A11,ENSG00000163191,0,0,0,1,0,1,0,0,0,2,0,2,0
,25939,SAMHD1,ENSG00000101347,1,0,1,1,0,1,1,0,1,6,2,2,2
,163859,SDE2,ENSG00000143751,0,0,0,1,0,1,0,0,0,2,0,2,0
,6396,SEC13,ENSG00000157020,0,0,1,0,0,1,0,0,0,2,1,1,0
,81929,SEH1L,ENSG00000085415,0,0,1,0,0,1,0,0,0,2,1,1,0
,7979,SEM1,ENSG00000127922,1,0,1,0,0,1,1,1,1,6,2,1,3
,6418,SET,ENSG00000119335,0,0,0,1,0,1,0,0,0,2,0,2,0
,29072,SETD2,ENSG00000181555,1,0,1,0,0,0,1,0,1,4,2,0,2
,9869,SETDB1,ENSG00000143379,0,0,0,1,0,1,0,0,0,2,0,2,0
,6419,SETMAR,ENSG00000170364,1,0,1,1,0,1,0,0,1,5,2,2,1
,23064,SETX,ENSG00000107290,1,0,1,0,0,0,1,0,1,4,2,0,2
,6421,SFPQ,ENSG00000116560,1,0,1,0,0,0,1,0,1,4,2,0,2
,119392,SFR1,ENSG00000156384,1,0,1,0,0,0,1,0,1,4,2,0,2
,55337,SHFL,ENSG00000130813,0,0,0,1,0,1,0,0,0,2,0,2,0
,149840,SHLD1,ENSG00000171984,1,0,1,0,0,0,1,0,1,4,2,0,2
,54537,SHLD2,ENSG00000122376,1,0,1,0,0,0,1,0,1,4,2,0,2
,158401,SHOC1,ENSG00000165181,0,0,0,0,0,0,1,0,1,2,0,0,2
,257218,SHPRH,ENSG00000146414,1,0,1,0,0,0,0,0,0,2,2,0,0
,25942,SIN3A,ENSG00000169375,0,0,0,1,0,1,0,0,0,2,0,2,0
,23411,SIRT1,ENSG00000096717,1,0,1,0,0,0,0,0,0,2,2,0,0
,51548,SIRT6,ENSG00000077463,1,0,1,0,0,0,1,0,1,4,2,0,2
,7884,SLBP,ENSG00000163950,0,0,0,1,0,1,0,0,0,2,0,2,0
,10463,SLC30A9,ENSG00000014824,1,0,1,0,0,0,0,0,0,2,2,0,0
,84250,SLF1,ENSG00000133302,1,0,1,0,0,0,0,0,0,2,2,0,0
,55719,SLF2,ENSG00000119906,1,0,1,0,0,0,0,0,0,2,2,0,0
,91607,SLFN11,ENSG00000172716,0,0,0,1,0,1,0,0,0,2,0,2,0
,6590,SLPI,ENSG00000124107,0,0,0,1,0,1,0,0,0,2,0,2,0
,548593,SLX1A,ENSG00000132207,1,0,1,0,0,0,1,0,1,4,2,0,2
,79008,SLX1B,ENSG00000181625,1,0,1,0,0,0,1,0,1,4,2,0,2
,84464,SLX4,ENSG00000188827,1,0,1,1,0,1,1,0,1,6,2,2,2
,8467,SMARCA5,ENSG00000153147,0,0,1,1,0,1,0,0,0,3,1,2,0
,56916,SMARCAD1,ENSG00000163104,0,0,1,1,0,1,1,0,1,5,1,2,2
,50485,SMARCAL1,ENSG00000138375,1,0,1,1,0,1,0,0,0,4,2,2,0
,6598,SMARCB1,ENSG00000275837,0,0,0,1,0,1,0,0,0,2,0,2,0
,8243,SMC1A,ENSG00000072501,1,0,1,0,0,1,0,0,0,3,2,1,0
,10592,SMC2,ENSG00000136824,0,0,1,0,0,1,0,0,0,2,1,1,0
,9126,SMC3,ENSG00000108055,1,0,1,1,0,1,0,0,0,4,2,2,0
,10051,SMC4,ENSG00000113810,0,0,1,0,0,1,0,0,0,2,1,1,0
,23137,SMC5,ENSG00000198887,1,0,1,0,0,0,1,0,1,4,2,0,2
,79677,SMC6,ENSG00000163029,1,0,1,0,0,0,1,0,1,4,2,0,2
,23347,SMCHD1,ENSG00000101596,1,0,1,0,0,0,1,0,1,4,2,0,2
,23049,SMG1,ENSG00000157106,1,0,1,0,0,0,0,0,0,2,2,0,0
,23583,SMUG1,ENSG00000123415,1,1,1,0,0,0,0,0,0,3,3,0,0
,84690,SPATA22,ENSG00000141255,1,0,1,0,0,0,0,0,0,2,2,0,0
,23514,SPIDR,ENSG00000164808,1,0,1,0,0,0,1,0,1,4,2,0,2
,56907,SPIRE1,ENSG00000134278,1,0,1,0,0,0,0,0,0,2,2,0,0
,84501,SPIRE2,ENSG00000204991,1,0,1,0,0,0,0,0,0,2,2,0,0
,23626,SPO11,ENSG00000054796,1,0,1,0,0,0,1,0,1,4,2,0,2
,83932,SPRTN,ENSG00000010072,0,0,1,0,0,1,0,0,0,2,1,1,0
,6732,SRPK1,ENSG00000096063,0,0,0,1,0,1,0,0,0,2,0,2,0
,6733,SRPK2,ENSG00000135250,0,0,0,1,0,1,0,0,0,2,0,2,0
,6742,SSBP1,ENSG00000106028,0,1,1,1,1,1,0,1,1,7,2,3,2
,6749,SSRP1,ENSG00000149136,1,0,1,1,0,1,0,0,0,4,2,2,0
,10735,STAG2,ENSG00000101972,0,0,1,0,0,1,0,0,0,2,1,1,0
,6780,STAU1,ENSG00000124214,0,0,0,1,0,1,0,0,0,2,0,2,0
,6491,STIL,ENSG00000123473,0,0,0,1,0,1,0,0,0,2,0,2,0
,79991,STN1,ENSG00000107960,0,0,0,1,0,1,0,0,0,2,0,2,0
,2040,STOM,ENSG00000148175,0,0,0,1,0,1,0,0,0,2,0,2,0
,30968,STOML2,ENSG00000165283,0,0,0,1,0,1,0,0,0,2,0,2,0
,346673,STRA8,ENSG00000146857,0,0,0,1,0,1,0,0,0,2,0,2,0
,10273,STUB1,ENSG00000103266,1,0,1,0,0,0,0,0,0,2,2,0,0
,7341,SUMO1,ENSG00000116030,1,0,1,0,0,1,0,0,1,4,2,1,1
,6613,SUMO2,ENSG00000188612,0,0,1,0,0,1,0,0,0,2,1,1,0
,6612,SUMO3,ENSG00000184900,0,0,1,0,0,1,0,0,0,2,1,1,0
,11198,SUPT16H,ENSG00000092201,1,0,1,1,0,1,0,0,0,4,2,2,0
,6829,SUPT5H,ENSG00000196235,0,0,1,0,0,1,0,0,0,2,1,1,0
,6832,SUPV3L1,ENSG00000156502,0,0,0,0,0,0,1,0,1,2,0,0,2
,375757,SWI5,ENSG00000175854,1,0,1,0,0,0,1,0,1,4,2,0,2
,126074,SWSAP1,ENSG00000173928,1,0,1,0,0,0,1,0,1,4,2,0,2
,644186,SYCE3,ENSG00000217442,0,0,0,0,0,0,1,0,1,2,0,0,2
,6847,SYCP1,ENSG00000198765,1,0,1,0,0,0,1,0,1,4,2,0,2
,23208,SYT11,ENSG00000132718,1,0,1,0,0,0,0,0,0,2,2,0,0
,9066,SYT7,ENSG00000011347,1,0,1,0,0,0,0,0,0,2,2,0,0
,57551,TAOK1,ENSG00000160551,1,0,1,0,0,0,0,0,0,2,2,0,0
,51347,TAOK3,ENSG00000135090,1,0,1,0,0,0,0,0,0,2,2,0,0
,6895,TARBP2,ENSG00000139546,0,0,1,1,0,1,0,0,0,3,1,2,0
,23272,TASOR,ENSG00000163946,0,0,0,1,0,1,0,0,0,2,0,2,0
,128637,TBC1D20,ENSG00000125875,0,0,0,1,0,1,0,0,0,2,0,2,0
,84897,TBRG1,ENSG00000154144,0,0,0,1,0,1,0,0,0,2,0,2,0
,6917,TCEA1,ENSG00000187735,1,0,1,0,0,0,0,0,0,2,2,0,0
,6929,TCF3,ENSG00000071564,0,0,0,0,0,0,1,0,1,2,0,0,2
,6932,TCF7,ENSG00000081059,0,0,0,0,0,0,1,0,1,2,0,0,2
,6996,TDG,ENSG00000139372,1,1,1,0,0,0,0,0,0,3,3,0,0
,55775,TDP1,ENSG00000042088,1,0,1,0,0,0,0,0,0,2,2,0,0
,51567,TDP2,ENSG00000111802,1,0,1,0,0,0,0,0,0,2,2,0,0
,11044,TENT4A,ENSG00000112941,1,0,1,0,0,1,0,0,0,3,2,1,0
,7011,TEP1,ENSG00000129566,0,0,1,0,0,1,1,0,1,4,1,1,2
,7013,TERF1,ENSG00000147601,0,0,1,1,0,1,0,0,0,3,1,2,0
,7014,TERF2,ENSG00000132604,1,0,1,1,0,1,1,0,1,6,2,2,2
,54386,TERF2IP,ENSG00000166848,1,0,1,0,0,0,1,0,1,4,2,0,2
,7015,TERT,ENSG00000164362,0,0,1,0,0,1,0,0,0,2,1,1,0
,56159,TEX11,ENSG00000120498,0,0,0,0,0,0,1,0,1,2,0,0,2
,56158,TEX12,ENSG00000150783,1,0,1,0,0,0,0,0,0,2,2,0,0
,56154,TEX15,ENSG00000133863,1,0,1,0,0,0,1,0,1,4,2,0,2
,400629,TEX19,ENSG00000182459,0,0,0,0,0,0,1,0,1,2,0,0,2
,24144,TFIP11,ENSG00000100109,1,0,1,0,0,0,0,0,1,3,2,0,1
,29844,TFPT,ENSG00000276504,1,0,1,0,0,0,1,0,1,4,2,0,2
,7040,TGFB1,ENSG00000105329,0,0,0,0,0,0,1,0,1,2,0,0,2
,79725,THAP9,ENSG00000168152,0,0,0,0,0,0,1,0,1,2,0,0,2
,9984,THOC1,ENSG00000079134,0,0,0,1,0,1,1,0,1,4,0,2,2
,90381,TICRR,ENSG00000140534,1,0,1,1,0,1,0,0,0,4,2,2,0
,57103,TIGAR,ENSG00000078237,1,0,1,0,0,0,0,0,0,2,2,0,0
,8914,TIMELESS,ENSG00000111602,1,0,1,1,0,1,1,0,1,6,2,2,2
,54962,TIPIN,ENSG00000075131,0,0,1,1,0,1,0,0,0,3,1,2,0
,54929,TMEM161A,ENSG00000064545,1,0,1,0,0,0,0,0,0,2,2,0,0
,7124,TNF,ENSG00000204490,0,0,0,1,0,1,0,0,1,3,0,2,1
,7126,TNFAIP1,ENSG00000109079,0,0,0,1,0,1,0,0,0,2,0,2,0
,10318,TNIP1,ENSG00000145901,0,0,0,1,0,1,0,0,0,2,0,2,0
,85456,TNKS1BP1,ENSG00000149115,1,0,1,0,0,0,0,0,0,2,2,0,0
,7141,TNP1,ENSG00000118245,1,0,1,0,0,0,0,0,0,2,2,0,0
,4796,TONSL,ENSG00000160949,1,0,1,1,0,1,1,0,1,6,2,2,2
,7150,TOP1,ENSG00000198900,0,0,1,1,0,1,0,0,0,3,1,2,0
,116447,TOP1MT,ENSG00000184428,0,0,0,1,0,1,0,0,0,2,0,2,0
,7153,TOP2A,ENSG00000131747,0,0,1,1,0,1,1,0,1,5,1,2,2
,7155,TOP2B,ENSG00000077097,0,0,1,1,0,1,1,0,1,5,1,2,2
,7156,TOP3A,ENSG00000177302,0,0,1,1,0,1,0,1,1,5,1,2,2
,8940,TOP3B,ENSG00000100038,0,0,1,0,0,0,0,1,1,3,1,0,2
,11073,TOPBP1,ENSG00000163781,1,0,1,1,0,1,0,0,1,5,2,2,1
,7157,TP53,ENSG00000141510,1,0,1,1,0,0,0,0,0,3,2,1,0
,7158,TP53BP1,ENSG00000067369,1,0,1,1,0,1,1,0,1,6,2,2,2
,7161,TP73,ENSG00000078900,1,0,1,0,0,0,0,0,0,2,2,0,0
,7175,TPR,ENSG00000047410,0,0,1,0,0,1,0,0,0,2,1,1,0
,11277,TREX1,ENSG00000213689,1,0,1,1,0,1,1,0,1,6,2,2,2
,11219,TREX2,ENSG00000183479,1,0,1,0,0,0,0,0,0,2,2,0,0
,7706,TRIM25,ENSG00000121060,0,0,1,0,0,1,0,0,0,2,1,1,0
,10155,TRIM28,ENSG00000130726,1,0,1,1,0,1,0,0,0,4,2,2,0
,4591,TRIM37,ENSG00000108395,0,0,0,1,0,1,0,0,0,2,0,2,0
,10475,TRIM38,ENSG00000112343,0,0,0,1,0,1,0,0,0,2,0,2,0
,117854,TRIM6,ENSG00000121236,0,0,0,1,0,1,0,0,0,2,0,2,0
,493829,TRIM72,ENSG00000177238,1,0,1,0,0,0,0,0,0,2,2,0,0
,9320,TRIP12,ENSG00000153827,1,0,1,0,0,0,0,0,0,2,2,0,0
,9319,TRIP13,ENSG00000071539,1,0,1,0,0,0,1,0,1,4,2,0,2
,8295,TRRAP,ENSG00000196367,1,0,1,0,0,0,0,0,0,2,2,0,0
,7247,TSN,ENSG00000211460,0,0,0,0,0,0,1,0,1,2,0,0,2
,64061,TSPYL2,ENSG00000184205,0,0,0,1,0,1,0,0,0,2,0,2,0
,91875,TTC5,ENSG00000136319,1,0,1,0,0,0,0,0,0,2,2,0,0
,7270,TTF1,ENSG00000125482,0,0,0,1,0,1,0,0,0,2,0,2,0
,7291,TWIST1,ENSG00000122691,1,0,1,0,0,0,0,0,0,2,2,0,0
,56652,TWNK,ENSG00000107815,0,0,0,1,0,1,0,0,0,2,0,2,0
,7317,UBA1,ENSG00000130985,0,0,1,0,0,1,0,0,0,2,1,1,0
,7311,UBA52,ENSG00000221983,1,0,1,0,0,1,0,0,1,4,2,1,1
,7314,UBB,ENSG00000170315,1,0,1,0,0,1,0,0,1,4,2,1,1
,7316,UBC,ENSG00000150991,1,0,1,0,0,1,0,0,1,4,2,1,1
,7319,UBE2A,ENSG00000077721,1,0,1,1,0,1,0,0,0,4,2,2,0
,7320,UBE2B,ENSG00000119048,1,0,1,1,0,1,1,0,1,6,2,2,2
,7323,UBE2D3,ENSG00000109332,1,0,1,0,0,0,0,0,0,2,2,0,0
,7329,UBE2I,ENSG00000103275,0,0,1,0,0,1,0,0,0,2,1,1,0
,9246,UBE2L6,ENSG00000156587,0,0,1,0,0,1,0,0,0,2,1,1,0
,7334,UBE2N,ENSG00000177889,1,0,1,1,0,1,1,0,1,6,2,2,2
,29089,UBE2T,ENSG00000077152,1,0,1,0,0,0,0,0,0,2,2,0,0
,148581,UBE2U,ENSG00000177414,1,0,1,0,0,0,0,0,0,2,2,0,0
,7335,UBE2V1,ENSG00000244687,1,0,1,1,0,1,0,0,0,4,2,2,0
,7336,UBE2V2,ENSG00000169139,1,0,1,1,0,1,0,0,1,5,2,2,1
,55284,UBE2W,ENSG00000104343,1,0,1,0,0,0,0,0,0,2,2,0,0
,29855,UBN1,ENSG00000118900,0,0,0,1,0,1,0,0,0,2,0,2,0
,7342,UBP1,ENSG00000153560,0,0,0,1,0,1,0,0,0,2,0,2,0
,56893,UBQLN4,ENSG00000160803,1,0,0,0,0,0,1,0,0,2,1,0,1
,23304,UBR2,ENSG00000024048,0,0,1,0,0,0,1,0,1,3,1,0,2
,51366,UBR5,ENSG00000104517,1,0,1,0,0,0,0,0,0,2,2,0,0
,51377,UCHL5,ENSG00000116750,1,0,1,0,0,0,1,0,1,4,2,0,2
,7349,UCN,ENSG00000163794,0,0,0,1,0,1,0,0,0,2,0,2,0
,7353,UFD1,ENSG00000070010,0,0,1,0,0,1,0,0,0,2,1,1,0
,29128,UHRF1,ENSG00000276043,1,0,1,1,0,1,0,0,0,4,2,2,0
,51720,UIMC1,ENSG00000087206,1,0,1,0,0,0,0,0,1,3,2,0,1
,7374,UNG,ENSG00000076248,1,1,1,0,0,0,0,0,1,4,3,0,1
,5976,UPF1,ENSG00000005007,1,0,1,1,0,1,0,0,0,4,2,2,0
,7398,USP1,ENSG00000162607,1,0,1,0,0,1,0,0,0,3,2,1,0
,9100,USP10,ENSG00000103194,0,0,1,0,0,1,0,0,0,2,1,1,0
,57646,USP28,ENSG00000048028,1,0,1,0,0,0,0,0,0,2,2,0,0
,9960,USP3,ENSG00000140455,1,0,1,0,0,0,0,0,0,2,2,0,0
,57695,USP37,ENSG00000135913,0,0,0,1,0,1,0,0,0,2,0,2,0
,124739,USP43,ENSG00000154914,0,0,1,0,0,1,0,0,0,2,1,1,0
,85015,USP45,ENSG00000123552,1,0,1,0,0,0,0,0,0,2,2,0,0
,55031,USP47,ENSG00000170242,1,0,1,0,0,0,0,0,0,2,2,0,0
,158880,USP51,ENSG00000247746,1,0,1,0,0,0,1,0,1,4,2,0,2
,7874,USP7,ENSG00000187555,1,0,1,0,0,0,0,0,0,2,2,0,0
,7405,UVRAG,ENSG00000198382,1,0,1,0,0,0,0,0,1,3,2,0,1
,57654,UVSSA,ENSG00000163945,1,0,1,0,0,0,0,0,0,2,2,0,0
,9218,VAPA,ENSG00000101558,0,0,0,1,0,1,0,0,0,2,0,2,0
,9217,VAPB,ENSG00000124164,0,0,0,1,0,1,0,0,0,2,0,2,0
,7415,VCP,ENSG00000165280,1,0,1,1,0,1,0,0,0,4,2,2,0
,23063,WAPL,ENSG00000062650,0,0,0,1,0,1,0,0,0,2,0,2,0
,7454,WAS,ENSG00000015285,1,0,1,0,0,0,1,0,1,4,2,0,2
,11169,WDHD1,ENSG00000198554,1,0,1,1,0,1,0,0,0,4,2,2,0
,57418,WDR18,ENSG00000065268,0,0,0,1,0,1,0,0,0,2,0,2,0
,55339,WDR33,ENSG00000136709,1,0,1,1,0,1,0,0,0,4,2,2,0
,57599,WDR48,ENSG00000114742,1,0,1,0,0,1,1,0,1,5,2,1,2
,58525,WIZ,ENSG00000011451,0,0,0,1,0,1,0,0,0,2,0,2,0
,55135,WRAP53,ENSG00000141499,1,0,1,0,0,0,1,0,1,4,2,0,2
,7486,WRN,ENSG00000165392,1,0,1,1,0,1,1,0,1,6,2,2,2
,56897,WRNIP1,ENSG00000124535,1,0,1,1,0,1,0,0,1,5,2,2,1
,56949,XAB2,ENSG00000076924,1,0,1,0,0,0,0,0,0,2,2,0,0
,7507,XPA,ENSG00000136936,1,1,1,1,0,1,0,0,0,5,3,2,0
,7508,XPC,ENSG00000154767,1,1,1,0,0,0,0,0,0,3,3,0,0
,7515,XRCC1,ENSG00000073050,1,1,1,1,0,0,1,0,1,6,3,1,2
,7516,XRCC2,ENSG00000196584,1,0,1,1,0,1,1,1,1,7,2,2,3
,7517,XRCC3,ENSG00000126215,1,0,1,1,0,1,1,1,1,7,2,2,3
,7518,XRCC4,ENSG00000152422,1,0,1,0,0,0,1,0,1,4,2,0,2
,7520,XRCC5,ENSG00000079246,1,0,1,0,0,0,1,0,1,4,2,0,2
,2547,XRCC6,ENSG00000196419,1,0,1,0,0,0,1,0,1,4,2,0,2
,64848,YTHDC2,ENSG00000047188,0,0,0,1,0,1,0,0,0,2,0,2,0
,7528,YY1,ENSG00000100811,1,0,1,0,0,0,1,0,1,4,2,0,2
,22890,ZBTB1,ENSG00000126804,1,0,1,0,0,1,0,0,1,4,2,1,1
,253461,ZBTB38,ENSG00000177311,0,0,0,1,0,1,0,0,0,2,0,2,0
,51341,ZBTB7A,ENSG00000178951,1,0,1,0,0,0,0,0,1,3,2,0,1
,80149,ZC3H12A,ENSG00000163874,0,0,0,1,0,1,0,0,1,3,0,2,1
,56829,ZC3HAV1,ENSG00000105939,0,0,0,1,0,1,0,0,0,2,0,2,0
,23503,ZFYVE26,ENSG00000072121,1,0,1,0,0,0,1,0,1,4,2,0,2
,83637,ZMIZ2,ENSG00000122515,0,0,0,1,0,1,0,0,0,2,0,2,0
,10269,ZMPSTE24,ENSG00000084073,1,0,1,1,0,1,0,0,0,4,2,2,0
,22891,ZNF365,ENSG00000285837,1,0,1,1,0,1,1,0,1,6,2,2,2
,91603,ZNF830,ENSG00000198783,1,0,1,1,0,1,0,0,0,4,2,2,0
,84083,ZRANB3,ENSG00000121988,1,0,1,1,0,1,1,0,1,6,2,2,2
,201516,ZSCAN4,ENSG00000180532,0,0,0,0,0,0,1,0,1,2,0,0,2
,125150,ZSWIM7,ENSG00000214941,1,0,1,0,0,0,1,0,1,4,2,0,2
